web-scraper-order,web-scraper-start-url,title,sector,context
"1643584522-1039","https://dashboard.startupborsa.com/girisimler?&page=18","Milvasoft Yazılım Bilişim Ar-Ge Dan. San. ve Tic. Ltd.Şti.","Yazılım","Genç, dinamik ve uzman ekibimiz ile birbirine sıkı sıkıya bağlı bir aileyiz. Ailemiz her zaman üretmeyi öncelik görüyor ve bunun için çaba sarfediyor. Yaptığımız..."
"1643584563-1113","https://dashboard.startupborsa.com/girisimler?&page=13","weepay","Finans Teknolojileri","weepay olarak, hiç durmadan yeni geliştirmeler üzerine çalışarak online ödeme yöntemlerinde kolaylıklar sağlamaya ve fark yaratmaya devam ediyoruz."
"1643584613-1236","https://dashboard.startupborsa.com/girisimler?&page=7","Workindo","Teknoloji","Workindo; inşaat sektöründe ve ilişkili üretim sektörlerinde faaliyet gösteren şirketlerin aradıkları niteliklere en uygun personele, 5200 kategorideki hizmet ve..."
"1643584580-1165","https://dashboard.startupborsa.com/girisimler?&page=11","Sorup Al","e-ticaret","Sorup Al, satın almak istediğiniz ürün seçiminizi daha iyi şekilde ve mantıklı seçimlerle yapmanızı sağlar.

Amacı; kullanıcıların teknik özelliklere boğulmadan ..."
"1643584522-1030","https://dashboard.startupborsa.com/girisimler?&page=18","DEV SECURE Bilişim Teknolojileri A.Ş","Siber Güvenlik","DEV SECURE A.Ş. Nedir?
** Öncelikle bir ürün değil; bir ekosistem. Bir çok ürünü ve hizmeti içerisinde barındıran bir marka. Toplam 7 gelir modeli; beraber çıkac..."
"1643584662-1318","https://dashboard.startupborsa.com/girisimler?&page=1","Clotie","İnternet & Web Hizmetleri","Clotie, kişisel stil danışmanlığı hizmeti ile kullanıcılara yepyeni bir alışveriş deneyimi sunar. Teknolojiyi, deneyimli stil danışmanlarının kişisel dokunuşları..."
"1643584637-1273","https://dashboard.startupborsa.com/girisimler?&page=4","KİDOLOG","Sağlık Hizmetleri & Sağlık Teknolojileri","Ebeveyn adayları ve ebeveynlere gebelik dönemi ve çocuklarını yetiştirirken ihtiyaç duyabilecekleri tüm alanlarda uzman desteği sağlıyoruz. Danışanlar çocuk geli..."
"1643584645-1277","https://dashboard.startupborsa.com/girisimler?&page=3","Conversion","SaaS","Conversion, web sitesinde kampanya duyuruları, talep toplama ve web sitesindeki dönüşümleri diğer ziyaretçilere kanıtlamaya dayalı sayfa içi pop-up ve widget ekl..."
"1643584621-1240","https://dashboard.startupborsa.com/girisimler?&page=6","Liderbazarcom","e-ticaret","LiderBazar.com, e-ticaret sektöründe faaliyet göstermek üzere genç girişimci Zeki Bahadırtaş tarafından 8 Mart 2019 tarihinde kurulan, İstanbul merkezli www.lide..."
"1643584654-1305","https://dashboard.startupborsa.com/girisimler?&page=2","Etikimza","Regülasyon Teknolojileri","Dokümanlarınızı yükleyin, imzalayın, paylaşın. Kargo ve sarf malzemelerden tasarruf sağlayarak imza ve onay süreçlerinizde hızlanın."
"1643584571-1144","https://dashboard.startupborsa.com/girisimler?&page=12","OppZone","Medya","OppZone olarak markaların dijital içeriğe dair tüm ihtiyaçlarına yönelik bir hizmet sunarız. Markalardan hiçbir efor istemeden konu bulma, strateji belirleme, gö..."
"1643584613-1235","https://dashboard.startupborsa.com/girisimler?&page=7","Git Kargo","Teslimat & Lojistik","Git Kargo e ticaret siteleri için ;

Gün içi, Ertesi Gün veya Belirsiz gönderi taleplerine cevap alabilecekleri yeni nesil kargo ve lojistik platformudur."
"1643584588-1170","https://dashboard.startupborsa.com/girisimler?&page=10","Favrea","Sosyal Medya","Favrea is a content-oriented social media where you can make suggestions in movie, series, music, book categories, show your favorites and discover new content f..."
"1643584645-1279","https://dashboard.startupborsa.com/girisimler?&page=3","Gamer Arena","Oyun","Gamer Arena, çeşitli dijital oyunlarda benzer yetenekteki rakipleri online bir düello ve turnuva ortamında karşı karşıya getirerek oyunculara para/ödül kazanma v..."
"1643584514-1020","https://dashboard.startupborsa.com/girisimler?&page=19","Yin Yang Games","null","null"
"1643584621-1247","https://dashboard.startupborsa.com/girisimler?&page=6","Satmam Lazım","Tüketici Hizmetleri","Satmam Lazım, sektördeki mevcut olan büyük pazar ve arz talep ihtiyacını karşılamak üzere kurulmuş, sıfır ve ikinci el ürün alım satımları için, alternatif bir i..."
"1643584571-1134","https://dashboard.startupborsa.com/girisimler?&page=12","CranioCatch","AI / Yapay Zeka","CranioCatch; yapay zeka algoritmalarını kullanarak dental radyografilerin değerlendirilmesini sağlayan karar destek sistemi yazılımıdır.
Diş hekimliğinde dijital..."
"1643584522-1027","https://dashboard.startupborsa.com/girisimler?&page=18","Shift","e-ticaret","Bu gün düşünce liderliğini açık bir kültür ve işbirliğine dayalı bir yaklaşımla harmanlayan yaratıcı bir e-ticaret pazarlama ajansıyız. Yarın ise bu bilgi biriki..."
"1643584514-1015","https://dashboard.startupborsa.com/girisimler?&page=19","Fetalist Bilişim Teknolojileri AŞ","null","null"
"1643584547-1083","https://dashboard.startupborsa.com/girisimler?&page=15","Pratikbox","e-ticaret","Biz Kimiz?

Bu platform, uzun süredir taşımacılık sektörünün içerisinde bulunan ve müşterilerinin problemlerine sürekli olarak yeni çözümler getirmeye çalışan ik..."
"1643584662-1316","https://dashboard.startupborsa.com/girisimler?&page=1","Ekmob","Yazılım","Ekmob Mobil İş Sistemleri ve Teknolojileri A.Ş. 35 Kişilik bir Teknopark şirketidir. 3 turda toplamda 1 Milyon $ yatırım almıştır."
"1643584547-1077","https://dashboard.startupborsa.com/girisimler?&page=15","Kaasap.com","Teslimat & Lojistik","Kaasap.com Et kasaptan alınır algısını dijitalleştirerek kullanıcılara seçkin kasaplardan online et satınalma imkanını sunan bir uygulamadır."
"1643584580-1164","https://dashboard.startupborsa.com/girisimler?&page=11","TurListem","Seyahat & Turizm","Kullanıcının bölgesinde düzenlenen tur/organizasyonları tek yerde listeleyip kolay, hızlı ve güvenli şekilde rezervasyon yaptırabileceğiniz pazaryeri platformudu..."
"1643584538-1061","https://dashboard.startupborsa.com/girisimler?&page=16","nexizon","AI / Yapay Zeka","Bir işletmenin mevcut güvenlik kameralarını, ek bir donanım ihtiyacı duymadan akıllandıran bir yazılım ile hayalinizin ötesinde, işletme ve personel takibi yapan..."
"1643584538-1068","https://dashboard.startupborsa.com/girisimler?&page=16","cepicep","e-ticaret","cepicep, satın aldığınız doğrulanmış cihazların tüm detaylarını bilmenize imkan tanıyan, alıcı ve satıcının haklarını koruyan ikinci el cep telefonu pazarıdır. c..."
"1643584522-1022","https://dashboard.startupborsa.com/girisimler?&page=18","Omnicourse","Eğitim & Eğitim Teknolojileri","Omnicourse bir multisided platform. Dinleyiciler aylık bir ücret ödeyerek tüm kataloğa erişebiliyor; yaratıcılar ve eğitmenler ise dinleme dakikaları üzerinden g..."
"1643584571-1147","https://dashboard.startupborsa.com/girisimler?&page=12","Tatilvalizi Tic.Ltd Şti","Seyahat & Turizm","pazar yeri"
"1643584596-1197","https://dashboard.startupborsa.com/girisimler?&page=9","Settings Labs","Oyun","Oyun tabanlı İK teknolojileri çözümlerimiz ile, kurumların oyun ve veri analitiğini kullanarak yeni nesil çalışan ve çalışan adayı deneyimi oluşturmalarını sağlı..."
"1643584588-1168","https://dashboard.startupborsa.com/girisimler?&page=10","Bidiyet","Sağlık Hizmetleri & Sağlık Teknolojileri","Sağlıklı beslenmek veya kilo vermek isteyen bireylerin yardımına koşan Bidiyet uygulaması içeriğindeki onlarca beslenme planı ve yemek tarifi sayesinde kullanıcı..."
"1643584514-1009","https://dashboard.startupborsa.com/girisimler?&page=19","Tatillcim.com turizm internet hizmetleri","null","null"
"1643584588-1181","https://dashboard.startupborsa.com/girisimler?&page=10","Fenomi","Reklam & Pazarlama","Micro Influencer Marketing"
"1643584637-1267","https://dashboard.startupborsa.com/girisimler?&page=4","Barty","Finans Teknolojileri","Barty'de bütün alışverişler Barty sanal kuru ile yapılır.

Sisteme yüklenen her ürün kendi geliştirdiğimiz makine öğrenmesine dayanan fiyat tahminleme modelleri ..."
"1643584522-1024","https://dashboard.startupborsa.com/girisimler?&page=18","Arkadaş Sepeti","Sosyal Medya","Arkadaş Sepeti günümüzde hayli popüler olan ancak hatrı sayılır sayıda kullanıcının ""verimsiz"", ""sakıncalı"", ""ahlak dışı"" diye nitelendirdiği sosyal tanışma, ark..."
"1643584497-996","https://dashboard.startupborsa.com/girisimler?&page=21","Berk innovation","Giyilebilir Teknolojiler","Şirket, yatırım görüşmeleri sonrasında planlanmaktadır."
"1643584522-1034","https://dashboard.startupborsa.com/girisimler?&page=18","TalkOnlineDoc","Sağlık Hizmetleri & Sağlık Teknolojileri","TalkOnlineDoc (TOD) dünyanın her yerinden başvurular aldığımız, alanında en başarılı ve uluslararası çalışmalara katılmış sertifika sahibi doktorlarla birden çok..."
"1643584538-1070","https://dashboard.startupborsa.com/girisimler?&page=16","SeraCell","Tarım & Tarım Teknolojileri","Seradaki sensörler aracılığıyla sulama, gübreleme, havalandırma sistemlerinin mobil uygulama üzerinden kontrol edilmesini sağlamaktadır. Kablosuz ve uzun pil ömr..."
"1643584645-1276","https://dashboard.startupborsa.com/girisimler?&page=3","Startup Hukuku","Hukuk Teknolojileri","Girişimcilerin fikirden exit'e kadar tüm hukuki sürecini yöneten yeni nesil bir danışmanlık yapısı."
"1643584596-1186","https://dashboard.startupborsa.com/girisimler?&page=9","adviceto.me","Sosyal Medya","Adviceto.me etkin bir iletişim tekniği olan kulaktan kulağa iletişim (Word of mouth) dediğimiz güven çemberimizden aldığımız öneriler üzerinden ürün keşfi için m..."
"1643584588-1175","https://dashboard.startupborsa.com/girisimler?&page=10","allzin","Yiyecek & İçecek","300+ restoranın 360K kullanıcısına aylık 1 milyon+ site trafiği ile hizmet vermekteyiz. 

Restoranları otomasyon sisteminden mobil ödemeye tek platformda ve ekon..."
"1643584571-1142","https://dashboard.startupborsa.com/girisimler?&page=12","Inspakt","SaaS","Inspakt hizmet sektöründeki taraflar arası sözleşmeler, ekspertiz raporları, değerleme raporları, kaza tespit tutanakları, ibranameler, beyan ve bilgilendirme d..."
"1643584514-1006","https://dashboard.startupborsa.com/girisimler?&page=19","Peptask","null","null"
"1643584645-1287","https://dashboard.startupborsa.com/girisimler?&page=3","Girişim Haberleri","Sosyal Medya","Girişimcilik ekosisteminin lideri olarak insanların en büyük ışık kaynağı, sektörün hem Türkiye hem Global çerçevede akla gelen tek dijital medya olmaktır."
"1643584662-1326","https://dashboard.startupborsa.com/girisimler?&page=1","Game Studio TR","Oyun","Game Studio TR, bünyesinde bulunan oyunlar ile, Apple Store ve Play Store'da toplam 150 Ülkeden 3 Milyonun üzerinde download alarak 4 kişilik ekibiyle hızla büyü..."
"1643584588-1176","https://dashboard.startupborsa.com/girisimler?&page=10","Öğrenci Blogları","Bilişim Teknolojileri","Öğrenci Blogları, gençlere değer katacak blog içerikleri üretmektedir. Amacımız orta vadede sadece blog olmaktan çıkıp, başka öğrencilere değer katacak projeleri..."
"1643584588-1182","https://dashboard.startupborsa.com/girisimler?&page=10","Teniscim","Spor & Fitness","Herkes için tenis."
"1643584538-1058","https://dashboard.startupborsa.com/girisimler?&page=16","HoloVit LLC","Teknoloji","HoloVit, dizüstü bilgisayar ve tablet kullanarak 3D hologram içerikler oluşturabileceğiniz, izleyebileceğiniz ve holografik video oyunları oynayabileceğiniz bir ..."
"1643584580-1159","https://dashboard.startupborsa.com/girisimler?&page=11","WOOHOOBOX HEDİYELİK EŞYA VE KIRTASİYE ÜRÜNLERİ TİC. LTD. ŞTİ","e-ticaret","Misyonumuz ;

Dünyadaki yetenekli girişimciler ile bu ürünlere ihtiyaç duyan alıcıları bir araya getirerek, birbirini destekleyen ve birbirinin gelişmesine katkı..."
"1643584604-1202","https://dashboard.startupborsa.com/girisimler?&page=8","UNOGO","Yiyecek & İçecek","Perakende sektorune hitab eden ozel besin takviyeli urunler gelistiriyoruz."
"1643584621-1250","https://dashboard.startupborsa.com/girisimler?&page=6","Museleon","Seyahat & Turizm","Museleon, Türkiye gibi turizm cenneti olan bir ülkeden başlayarak dünya genelinde cazibe merkezi olmuş kültür ve turizm bölgelerini gezmek, deneyimlemek isteyen ..."
"1643584497-986","https://dashboard.startupborsa.com/girisimler?&page=21","SmartCV Teknoloji AŞ","İnsan Kaynakları & İşe Alım","İşe alımda oyunlaştırma teknolojisi ve ML kullanacaktır.
MVP versiyon ilk müşterimiz tarafından kullanılmış ve başarılı olmuştur.
Tübitak 1512 desteğiyle kurulmu..."
"1643584530-1048","https://dashboard.startupborsa.com/girisimler?&page=17","biwaps","Bilişim Teknolojileri","Whastapp API Entegrasyonu, Telegram, Bip, İnstagram, Facebook Messenger Entegrasyonları, Chatbot, Canlı Destek Sistemleri"
"1643584555-1099","https://dashboard.startupborsa.com/girisimler?&page=14","Apinizer","Bilişim Teknolojileri","Apinizer helps enterprises tackle the hardest
and most complex issues in building, connecting, and securing APIs. Helps digital transformation and provides secur..."
"1643584588-1169","https://dashboard.startupborsa.com/girisimler?&page=10","Evlumba","AI / Yapay Zeka","Mevcutta evini yenilemek, dekorasyonunu tamamlayıcı bir ürün satın almak veya ev dekorasyonu konusunda ilham almak isteyen müşteriler için farklı markaları bir a..."
"1643584497-992","https://dashboard.startupborsa.com/girisimler?&page=21","BenimTamircim.Com","e-ticaret","Web sitesi aktif durumda olup, mobil aplikasyonları yapılmaktadır. Yazılım geliştirmeleri ve marka bilinirliği konusunda işi ileriye taşıyabilecek konulara vakıf..."
"1643584596-1200","https://dashboard.startupborsa.com/girisimler?&page=9","Mahalle Esnafı İnternet Hizmetleri Limited Şirketi","Teslimat & Lojistik","Paket Servis hizmeti vermek isteyen, motokurye, servis personeli olan yada olmayan işletmeler için birbirinden avantajlı çözümler içerir.

Çırak; 
Online/Offline..."
"1643584555-1098","https://dashboard.startupborsa.com/girisimler?&page=14","FlexyTime","SaaS","FlexyTime evden veya ofisten verimli çalışmasını sağlamaktadır

Bu programla:

- Takımınızın zamanı hangi işlerde harcadığını iş başı ve sonu saatlerini otomatik..."
"1643584547-1090","https://dashboard.startupborsa.com/girisimler?&page=15","Buradatur Turizm Hizmetleri ve Tic. Ltd. Şti.","e-ticaret","Buradatur bir Start-Up olarak Turizm'deki sorunlardan yola çıkarak Türkiye'nin tur arama ve rezervasyon sitesi olma misyonu ile kuruldu. Buradatur'un Turizm de ç..."
"1643584497-989","https://dashboard.startupborsa.com/girisimler?&page=21","Yusdo gıda sanayi ve ticaret ltd şti","Perakende","1962 yılında Yaşar ÇARLI tarafından başlanan bu serüven, müşteri kitlesini her geçen yıl katlayarak Türkiye’nin en iyi dondurması haline gelmiştir, bizler Yaşar ..."
"1643584613-1237","https://dashboard.startupborsa.com/girisimler?&page=7","Taptoweb Bilgi Teknolojileri A.Ş.","SaaS","Taptoweb Bilgi Teknolojileri Anonim Şirketi, ""Taptoweb App Builder"" mobil uygulaması ile kullanıcılarının hızlı bir şekilde, yazılım bilgisine ihtiyaç duymadan (..."
"1643584514-1016","https://dashboard.startupborsa.com/girisimler?&page=19","Peam","null","null"
"1643584571-1143","https://dashboard.startupborsa.com/girisimler?&page=12","Edimly","Sosyal Medya","Edimly, kullanıcıların hayattaki hemen hemen her deneyimini paylaşabildiğini, isteyene sosyal ağ uygulaması, isteyene günlük uygulaması."
"1643584662-1313","https://dashboard.startupborsa.com/girisimler?&page=1","Sensgreen","Nesnelerin İnterneti","SensGreen is an IOT company in the HVAC segment, which provides actionable insights by processing ""Human Feedback"" vs data collected from ""AI-Powered smart IAQ s..."
"1643584514-1013","https://dashboard.startupborsa.com/girisimler?&page=19","Doctorla","null","null"
"1643584621-1239","https://dashboard.startupborsa.com/girisimler?&page=6","abonesepeti","Bilişim Teknolojileri","Abonesepeti empowers you to save more, spend less, see everything and take control of your subscriptions.

Problem To Solve

•	Manage all of your subscriptions o..."
"1643584555-1108","https://dashboard.startupborsa.com/girisimler?&page=14","Socialayf","Yazılım","Başta kullanıcı verilerinin ticari amaçlar için kullanılmasını engellemek ve blok zinciri teknolojisini veritabanı tiplerine entegre ederek kullanıcı verilerinin..."
"1643584604-1213","https://dashboard.startupborsa.com/girisimler?&page=8","Kolay Çerçeve","e-ticaret","Kolaycerceve.com kullanıcıların kendi fotoğraflarını bastırıp çerçeveletebilecekleri ya da ellerindeki resimlere uygun çerçeve satın alabilecekleri bir web sites..."
"1643584588-1178","https://dashboard.startupborsa.com/girisimler?&page=10","İdenfit","Yazılım","Idenfit; insan kaynakları yönetimine, bütüncül bir yaklaşım getiren insan kaynakları yazılımıyla, insan kaynakları departmanlarının, zamandan tasarruf etmesini s..."
"1643584613-1232","https://dashboard.startupborsa.com/girisimler?&page=7","Growded","SaaS","Growded, bir demo day’in düzenlenme kararından sonuçlanana kadar ki bütün süreçleri host, girişimci ve jüri/yatırımcı panelleri ile tek bir platform üzerinden ço..."
"1643584637-1261","https://dashboard.startupborsa.com/girisimler?&page=4","Alıcıbul","e-ticaret","Alıcıbul, anlık bildirimlerle ve jenerik alıcı bulma kurgusuyla alım-satım süreçlerinizi hızlandırıyor. Alıcılar ilgilendikleri araç tiplerini sisteme girerken, ..."
"1643584654-1306","https://dashboard.startupborsa.com/girisimler?&page=2","BUMERANG","Seyahat & Turizm","Yüzlerce online retail entegrasyonuna rağmen Türkiye’de tamamen kiralık sektörün ihtiyaçlarına yönelik hizmet veren, çözüm üreten bir girişimin olmaması kiralık ..."
"1643584538-1071","https://dashboard.startupborsa.com/girisimler?&page=16","Dentage","SaaS","SaaS Clinic Management Platform + Patient Mobile APP (fully integrated) by Dentanya // Status: MVP product is being prepared // Runway Time: About 8 months // Ac..."
"1643584497-988","https://dashboard.startupborsa.com/girisimler?&page=21","forTaksi","Reklam & Pazarlama","forTaksi 3 ortak tarafından kuruldu. Taksilerde sesli reklam içerikleri sunmaktayız. Güçlü bir alternatif reklam modeli sunuyoruz. Aklınızda canlanması için taks..."
"1643584522-1025","https://dashboard.startupborsa.com/girisimler?&page=18","PrintMeet","e-ticaret","Printmeet kullanıcıların 60 sn içerisinde, kendi alan adları ile, tüm dünyada t-shirt, sweatshirt, hoodie vb. ürünleri tasarlayıp satabilmeleri için A’dan Z’ye b..."
"1643584563-1115","https://dashboard.startupborsa.com/girisimler?&page=13","C4Game","Yazılım","C4Game, dijital oyun ve oyun içeriği satan mağazaların fiyatlarını listeleyerek kullanıcıya en uygun fiyatı sunar. Fiyat bildirim seçeneği ile kullanıcılara deta..."
"1643584514-1014","https://dashboard.startupborsa.com/girisimler?&page=19","Nakilnat","null","null"
"1643584580-1155","https://dashboard.startupborsa.com/girisimler?&page=11","VideoKlinik","Sağlık Hizmetleri & Sağlık Teknolojileri","Hastaların ve doktorların online olarak görüşmelerini sağlayan platform"
"1643584538-1067","https://dashboard.startupborsa.com/girisimler?&page=16","PodAgency","Medya","PodAgency, podcasterlara editleme ve pazarlama  desteği sunarak hayatlarında podcastin daha farklı bir yere oturmasını hedefliyoruz. İş birliği yaptığımız ajansl..."
"1643584654-1303","https://dashboard.startupborsa.com/girisimler?&page=2","egirişim","Reklam & Pazarlama","Girişimcilik ve Teknoloji odaklı içerik platformu."
"1643584563-1114","https://dashboard.startupborsa.com/girisimler?&page=13","Viptransfer Ltd Şti","Seyahat & Turizm","Tüm dünya da şoförlü araç kiralama ve vip hizmet satışı"
"1643584613-1228","https://dashboard.startupborsa.com/girisimler?&page=7","Hastanem Yanımda","Sağlık Hizmetleri & Sağlık Teknolojileri","Hastaneye gitmek için hacanan zaman ve igücü kaybı nedeniyle bu ihtiyaç hergeçen gün hissedilmektedir. Bu ihtiyacı pandemi nedeniyle daha fazla artmaktadır."
"1643584547-1089","https://dashboard.startupborsa.com/girisimler?&page=15","Local Greens","Tarım & Tarım Teknolojileri","En lezzetli yeşillikleri metropol şehirlerde, doğa dostu, sağlıklı ve lokal olarak üreten bir indoor farming girişimi."
"1643584604-1216","https://dashboard.startupborsa.com/girisimler?&page=8","Jetim Teknoloji Ürünleri","Ulaşım","Türkiye'nin yeni motosiklet platformu olmak için yola çıkan JETİM,  ister yolculuk taleplerinizi ister paket ya da evrak gönderilerinizi mobil aplikasyonları üze..."
"1643584621-1251","https://dashboard.startupborsa.com/girisimler?&page=6","Teta Games","Oyun","Teta Games is a studio established in 2020 and continues its activities on the mobile gaming industry.
Producing projects on innovative and original ideas 
Lovin..."
"1643584514-1012","https://dashboard.startupborsa.com/girisimler?&page=19","esular","null","null"
"1643584604-1219","https://dashboard.startupborsa.com/girisimler?&page=8","Avokadio","Sağlık Hizmetleri & Sağlık Teknolojileri","Taşınabilir nefes analiz cihazı ile nano-teknoloji sensörler ile kullanıcının nefesindeki bazı gazları ölçerek, kullanıcının  metabolizma sağlığını ve beslenme e..."
"1643584530-1056","https://dashboard.startupborsa.com/girisimler?&page=17","ECARS MOBILITY Solutions","Yenilenebilir Enerji","ECARS Mobility Solutions, elektrikli araçların müşteri ile buluşmasında ilk rolü oynamaktadır. Elektrifikasyon ile müşteri deneyimini ortak paydada toplamaktadır..."
"1643584613-1227","https://dashboard.startupborsa.com/girisimler?&page=7","Turistio","Seyahat & Turizm","Turistio LE KULLANICILARIN BULUNDUKLARI BÖLGE VE
ŞEHİRLERDEKİ TURİZM ETKİNLİKLERİNDEN 

HABERDAR OLMALARINI,

HIZLI BİR ŞEKİLDE ULAŞMALARINI,

BASİT BİR ŞEKİLDE ..."
"1643584604-1203","https://dashboard.startupborsa.com/girisimler?&page=8","Teamfluencer","Reklam & Pazarlama","Markaların sosyal medyada ortalama olarak 500-10.000 arasında takipçiye sahip nano-influencerlar aracılığıyla kendi hedef kitlesinde organik bir şekilde viral ol..."
"1643584571-1146","https://dashboard.startupborsa.com/girisimler?&page=12","Jelibot.com","AI / Yapay Zeka","Yapay Zeka Destekli Sesli ve Yazılı Asistan-Sosyal medya ve seyahat iletişim platformu."
"1643584580-1149","https://dashboard.startupborsa.com/girisimler?&page=11","HEVI AI SAĞLIK YAPAY ZEKA VE BİLİŞİM TEKNOLOJİLERİ A.Ş.","Sağlık Hizmetleri & Sağlık Teknolojileri","İlk geliştirdiğimiz hStroke ürünü acil şartlarında çekilen bilgisayarlı tomografi (BT) ve manyetik rezonans görüntüleme (MRG) incelemelerinde inme varlığını yapa..."
"1643584654-1309","https://dashboard.startupborsa.com/girisimler?&page=2","Hiface","AR & VR / Artırılmış Gerçeklik & Sanal Gerçeklik","Hiface Kozmetik ve aksesuar ürünleri satan şirketlerin ürünlerini müşterilerine AR ile deneme imkanı sağlar."
"1643584563-1125","https://dashboard.startupborsa.com/girisimler?&page=13","Emarkan","SaaS","Vizyon: Marka sahiplerinin fikir aşamasından ticarileşme aşamasında kadar tüm süreçlerini kolaylaştırarak, yeni global markalar yaratılmasını sağlamak."
"1643584645-1280","https://dashboard.startupborsa.com/girisimler?&page=3","inVitrin","e-ticaret","inVitrin, online satış yapan girişimcilerin, şirket sahibi olmak zorunda kalmadan mağazalarını açıp, kredi kartı ile ödeme alarak satış yapmaya başlayabilecekler..."
"1643584596-1184","https://dashboard.startupborsa.com/girisimler?&page=9","Lugath","AI / Yapay Zeka","Lugath, ihracat yapan üretici firmaların ya da KOBİ'lerin, her yeni ürünü için hazırladığı döküman,fotoğraf,ses ya da video veri tiplerinde olabilecek satış-paza..."
"1643584555-1095","https://dashboard.startupborsa.com/girisimler?&page=14","Tie to Knot","İnsan Kaynakları & İşe Alım","Sistem,Çalışanın karakter analizi sonucu elde edilen veriler ile çalışanın yaptığı iş ve takımı ile uyum ve çatışma yorumlamalarının yapılmasına olanak sağlamayı..."
"1643584596-1188","https://dashboard.startupborsa.com/girisimler?&page=9","PRP Business Solutions","Robotik Teknolojileri","Robotik, Blockchain ve NFT teknolojileri"
"1643584580-1161","https://dashboard.startupborsa.com/girisimler?&page=11","Eco City","Akıllı Şehirler","Bu proje, apartman ve sokakların temizliğine ilişkin hizmet verebilmek adına düşünülmüş bir projedir. “Eco
City” kapsamında mobil uygulama üzerinden kullanıcılar..."
"1643584571-1145","https://dashboard.startupborsa.com/girisimler?&page=12","Co-one","AI / Yapay Zeka","Co-one yapay zeka tabanlı oyunlaştırma destekli, kollektif veri açıklama servisidir. Co-one olarak yapay zeka çözümleri sunan firmaların ürünlerini geliştirmeler..."
"1643584621-1242","https://dashboard.startupborsa.com/girisimler?&page=6","robotic.mobi","Yazılım","Robotic.mobi, mobil cihaz ve web uygulama sahiplerinin gerçek cihazlarda uygulama testlerini herhangi bir kod yazmadan otomatik hale getirmelerini sağlar. Roboti..."
"1643584563-1122","https://dashboard.startupborsa.com/girisimler?&page=13","WINDLAR","Yenilenebilir Enerji","Windlar provides detailed reporting and analysis solutions taking the wind turbine blades visuals using unmanned aerial vehicles (drones) with machine learning m..."
"1643584571-1133","https://dashboard.startupborsa.com/girisimler?&page=12","Arventek Bilişim Teknolojileri San. ve Tic. A.Ş.","Bilişim Teknolojileri","İnşaat endüstrisinde inovasyonu ve dijital dönüşümü destekleme fikrini İstanbul’daki bir daireden tüm dünyaya duyurmak isteyen bir ekip olarak Arventek ismiyle b..."
"1643584645-1275","https://dashboard.startupborsa.com/girisimler?&page=3","Craftgate","Finans Teknolojileri","Craftgate, bulut tabanlı ödeme geçidi ile tüm bankaların sanal poslarını tek merkezden kolayca entegre edebilir, kart saklama, tek tıkla ödeme, pazaryeri çözümü,..."
"1643584555-1101","https://dashboard.startupborsa.com/girisimler?&page=14","CroMagnon Art","AI / Yapay Zeka","CroMagnon Art olarak geliştirdiğimiz görüntü işleme ve yapay zekâ modelli uygulamamız sayesinde sisteme yüklenen resmi renk ve dokuları üzerinden işleyerek eşsiz..."
"1643584662-1319","https://dashboard.startupborsa.com/girisimler?&page=1","Kompanion","Sağlık Hizmetleri","Kompanion, kullanıcılarının kişisel sağlık yolculuklarında yanlarında yürüyerek hedeflerine ulaşmalarına yardımcı olmak tamacıyla kurulmuş bir sağlıklı yaşam şir..."
"1643584547-1087","https://dashboard.startupborsa.com/girisimler?&page=15","Digital AVM","Yazılım","Pandemi döneminde ciroları düşen alışveriş merkezlerini dijitale taşıyarak ürünlerini e-ticaret olarak müşteriye ulaştıran Digital avm projesi, müşteriye sağladı..."
"1643584604-1217","https://dashboard.startupborsa.com/girisimler?&page=8","Wastespresso Atık Yönetimi ve Teknolojileri A.Ş.","Geri Dönüşüm","Dünyada her gün 2,25 milyarı aşkın fincan kahve tüketiliyor. Kahveye talep giderek artarken 2050 yılına dek 9,8 milyara ulaşacağı tahmin edilen küresel nüfusun k..."
"1643584613-1226","https://dashboard.startupborsa.com/girisimler?&page=7","Breathall","Sağlık Hizmetleri & Sağlık Teknolojileri","2020 yılında Tübitak 1512 programı kapsamında aldığı hibe desteği ile ODTÜ-Teknokent'te kurulan Breathall; kistik fibrozis, bronşektazi, KOAH ve COVID-19 gibi so..."
"1643584538-1066","https://dashboard.startupborsa.com/girisimler?&page=16","hasatsonu.com","Tarım & Tarım Teknolojileri","Türkiye'nin 7 bölge 81 ilindeki çiftçi ve kooperatiflerimizin ürettiği doğal ve sağlıklı gıdayı hijyenik koşullarda ambalajlayıp ulaşılabilir fiyatlarla tüketici..."
"1643584662-1311","https://dashboard.startupborsa.com/girisimler?&page=1","Evimdeki Psikolog","Sağlık Hizmetleri & Sağlık Teknolojileri","Evimdeki Psikolog 2018 yılında Psikolog Aynur İlhan tarafından kurulmuş ve 2018 yılından bu yana hızla büyümeye devam eden bir online terapi platformudur. 

 ..."
"1643584497-997","https://dashboard.startupborsa.com/girisimler?&page=21","TeklifimGelsin","Finans Teknolojileri","TeklifimGelsin yapay zeka tabanlı TG Kredi Karnesi ile kullanıcıların geçmiş dönemde bankalara olan borcu, ödeme alışkanlıkları, riskleri ve çeşitli veri setleri..."
"1643584555-1107","https://dashboard.startupborsa.com/girisimler?&page=14","CRwizard","SaaS","Pazarlamacıların, dijital kanallar için ürün datasını kusursuzca yönetip, bütçeyi sürekli optimize etmesini sağlayan platform"
"1643584588-1173","https://dashboard.startupborsa.com/girisimler?&page=10","TakeNow","Yazılım","Restaurant,market,manav ve diger sektorlerin ticari yapisini online ortama tasimak, bir sistem uzerinde birlestirmek ve bu sisteme katilan herkesin kendine ozel ..."
"1643584621-1243","https://dashboard.startupborsa.com/girisimler?&page=6","Innly App","Seyahat & Turizm","Innly ile konakladığınız otele online check-in yapmadan oda servisi siparişi vermeye kadar tüm talep ve rezervasyon iletebilirsiniz. Ayrıca taksi çağrısı, transf..."
"1643584547-1093","https://dashboard.startupborsa.com/girisimler?&page=15","Loggle","Yazılım","Loggle, işletmelere hangi BT varlıklarının gereksiz olduğunu, hangilerinin değer sağladığını ve yatırımların nasıl optimize edileceğini gösteren bir BT Varlık Yö..."
"1643584530-1052","https://dashboard.startupborsa.com/girisimler?&page=17","Kadınların Elinden","Yiyecek & İçecek","Tek İŞİMİZ BU! (Bugün KE'yi parçalara bölseniz 3 ayrı startup'ın yaptığı işi tek başına yapabildiğini göreceksiniz. Bu tüm yatırımcılarımızı korkutabilir fakat i..."
"1643584654-1298","https://dashboard.startupborsa.com/girisimler?&page=2","Mükellef","Finans Teknolojileri","Sıfırdan bir işletme kurmak ve kuruluş sonrasında ihtiyaç duyabileceğiniz tüm finansal süreçleri yönetmeniz için size uçtan uca çözüm sunuyoruz.

Şirket kurulumu..."
"1643584662-1322","https://dashboard.startupborsa.com/girisimler?&page=1","Aktivido","Spor & Fitness","Aktivido is a digital marketplace platform dedicated to Adrenaline Sports, Outdoor, Experience Activities and their Training Courses."
"1643584604-1204","https://dashboard.startupborsa.com/girisimler?&page=8","Pazardan","e-ticaret","Pazardan; adresinize gönderim yapan semt pazarlarında yer alan tezgahlardan taze sebze ve meyve siparişi vermenizi sağlayan bir pazar yeri uygulamasıdır. Sipariş..."
"1643584645-1281","https://dashboard.startupborsa.com/girisimler?&page=3","Indie-dir Games","Oyun","Indie-dir, tutkumuz olan oyun yapmaya start verdiğimiz ve ilk meyvesini 2020 ortalarında Mage Rage olarak aldığımız bir oyun stüdyosu aslında.

Mage Rage, Fantas..."
"1643584555-1100","https://dashboard.startupborsa.com/girisimler?&page=14","Zone Fitness Spor Hizmetleri","Spor & Fitness","Yapay Zeka Destekli Sağlıklı Yaşam Mobil Uygulaması"
"1643584662-1315","https://dashboard.startupborsa.com/girisimler?&page=1","NutzenTech Inc.","Data Analiz & İş zekası","NutzenTech, müşterilere çevresel ayak izlerini iyileştirmek için veri ve teknoloji odaklı B2B ve B2G çözümleri sunan bir yeşil teknoloji girişimidir.

NutzenTech..."
"1643584547-1086","https://dashboard.startupborsa.com/girisimler?&page=15","Öğrenci Baksana","Yazılım","Öğrenci Baksana’nın web sitesi ve yakın zamanda canlıya alacağı mobil uygulaması üzerindeki ürünler ile farklı sektörlerden alacağımız Öğrenci Baksana'ya özel in..."
"1643584604-1206","https://dashboard.startupborsa.com/girisimler?&page=8","Castera","Sağlık Hizmetleri & Sağlık Teknolojileri","Kaza,yaralanma ya da ameliyat sonunda , hastaların  ilgili uzvu alçıya alınarak sabitlenir. Yaklaşık 200 yıldır kullanılan geleneksel alçılar hastada; terleme,ka..."
"1643584637-1271","https://dashboard.startupborsa.com/girisimler?&page=4","Yesil Health","Sağlık Hizmetleri & Sağlık Teknolojileri","Kullanıcılar sağlıklarını geliştirmek amacıyla, oyunlaştırma teknikleriyle hazırlanmış, kişiselleştirilmiş öneriler alırken, aynı zamanda bir sağlık şikayeti olm..."
"1643584604-1215","https://dashboard.startupborsa.com/girisimler?&page=8","Outliers Teknoloji Satış ve Pazarlama A.Ş.","Teknoloji","Outliers Notebook, 2016 yılında kurulmuş olup, bu güne kadar 300 binin üzerinde defteri müşterilerine teslim etti. Dünyanın ilk mikrodalga fırında silinebilen de..."
"1643584530-1047","https://dashboard.startupborsa.com/girisimler?&page=17","Yersonel.com","İnsan Kaynakları & İşe Alım","Yersonel.com gastronomi sektörüne odaklanmış kalifiye mutfak ve servis personellerini doğru işletmelerle buluşturmayı amaçlayan bir kariyer seri ilanları platfor..."
"1643584654-1295","https://dashboard.startupborsa.com/girisimler?&page=2","MonoPayments","Finans Teknolojileri","all in one PaaS for money institutions"
"1643584514-1021","https://dashboard.startupborsa.com/girisimler?&page=19","Cinter","null","null"
"1643584637-1258","https://dashboard.startupborsa.com/girisimler?&page=4","Ev Yemeği Aboneliği","Yiyecek & İçecek","Ev yemeği talep edenler ile ev yemeği satanları buluşturan online platform. 
Kullanıcılarımız mahallesindeki komşu mutfaklardan ön talep usulü ev yemeği siparişi..."
"1643584654-1301","https://dashboard.startupborsa.com/girisimler?&page=2","Eyurtlar.com","Teknoloji","eyurtlar.com; öğrencilerin apart ve yurtlar hakkında ön bilgi edinip yatak rezerve edebileceği online yurt rezervasyon sitesidir."
"1643584637-1268","https://dashboard.startupborsa.com/girisimler?&page=4","Akaunting","Finans Teknolojileri","KOBİ'ler için Muhasebe Platformu"
"1643584588-1174","https://dashboard.startupborsa.com/girisimler?&page=10","RADAAR","Sosyal Medya","Sosyal medya için içerikler hazırlamak ve yayınlamaktan, yapılan çalışmaların performansı analiz etmeye kadar her adımda sosyal medya yöneticilerine yardımcı olu..."
"1643584637-1263","https://dashboard.startupborsa.com/girisimler?&page=4","ScoreUpp","AI / Yapay Zeka","ScoreUpp doğal dil işlemeyle mobil uygulama yorumlarını analiz eder. ScoreUpp rapor karmaşasından kurtarıp; ham metin verisini yazılım diliyle ilişkilendirmesi v..."
"1643584596-1196","https://dashboard.startupborsa.com/girisimler?&page=9","CarPal Enterprise Inc","AI / Yapay Zeka","Anatolian Technologies tarafından Türkiye'de geliştirilen CarPal Enterprise sigortacılık ve bağlantılı araç teknolojileri, CarPal Enterprise Inc. legal adıyla 15..."
"1643584596-1199","https://dashboard.startupborsa.com/girisimler?&page=9","Smarthronline","İnsan Kaynakları & İşe Alım","Online career platform connecting logistics professionals and companies of all shapes and sizes."
"1643584530-1043","https://dashboard.startupborsa.com/girisimler?&page=17","İnsvote","Tüketici Hizmetleri","İnternet üzerinden yapılan alışverişleri olumlu ya da olumsuz olarak yorumlanmasını sağlayan bağımsız bir platformdur. İnsvote, bireysel ve firma kullanıcılarını..."
"1643584596-1195","https://dashboard.startupborsa.com/girisimler?&page=9","HockeyStack","Data Analiz & İş zekası","HockeyStack, analytics pazarının analiz gücü ve kullanım kolaylığı arasındaki bölünmüşlüğü ortadan kaldırır. Hem kolay, hem güçlü bir web analytics aracıdır. Bun..."
"1643584530-1049","https://dashboard.startupborsa.com/girisimler?&page=17","Brainpriz","Oyun","Oyun Koşulları:

Cevap 15 Rastgele
içinde seçilmiş sorular
120 saniye.

Ödül havuzu:


Birincilik: 5000$'a kadar

İkincilik: 3000$'a kadar

Üçüncülük: 2000$'a ka..."
"1643584538-1062","https://dashboard.startupborsa.com/girisimler?&page=16","BigPogo","Oyun","BigPogo Games Ağustos 2020'de mobil oyun üretim stüdyosu olarak kurulmuş bir startuptır. 1 yılda 30'un üzerinde Hyper-Casual 1.0 ve Hyper-Casual 2.0 oyunlar geli..."
"1643584596-1187","https://dashboard.startupborsa.com/girisimler?&page=9","Datafirst Bilişim hizmetleri ticaret ltd.şti","AI / Yapay Zeka","çok detaylı sunum 
https://prezi.com/p/aedgxjlyjnm0/?present=1
link de mevcut 
kısaca apple store un veri analitiği karşılı diyebilirim 
makina ögrenmesi çözümle..."
"1643584497-995","https://dashboard.startupborsa.com/girisimler?&page=21","DANK","Eğitim & Eğitim Teknolojileri","Aklınıza takılan soruları, projeleri ve süreçleri, alanında yetkin insanlara danışabileceğiniz görüntülü görüşmeye dayalı randevu sistemi ile çalışan online danı..."
"1643584613-1233","https://dashboard.startupborsa.com/girisimler?&page=7","Rovry App","Mikro Mobilite","Saatlik hatta dakikalık, istersen de günlük 
elektrikli bisiklet kiralama hizmeti sunar. Bu 
dijital hizmetle yalnızca ihtiyacın olan süre 
kadar elektrikli bisi..."
"1643584645-1285","https://dashboard.startupborsa.com/girisimler?&page=3","Composto","SaaS","Founded in Toronto in January 2021. Successfully completed Founder Institute Turkey 2020 Pre-Accelerator program recently. 

We are providing EMBED nocode platfo..."
"1643584604-1207","https://dashboard.startupborsa.com/girisimler?&page=8","Goddess Wellbeing, Inc.","SaaS","Goddess, günümüzde ataerkil yanılgılar altında baskılanan kadınların içlerindeki özgün benliklerini canlandırmayı, onları içten dışa güçlendirmeyi ve toplumu iyi..."
"1643584613-1221","https://dashboard.startupborsa.com/girisimler?&page=7","Youths' Call","Bilişim Teknolojileri","İnovatif girişimleri bulan,geliştiren ve gerçekleştiren kuruluş"
"1643584662-1317","https://dashboard.startupborsa.com/girisimler?&page=1","Beautico","Moda & Güzellik","Beautico güzellik profesyonelleri ve kuaförler için yemeksepeti modelinde çalışan bir pazaryeri platformudur."
"1643584530-1053","https://dashboard.startupborsa.com/girisimler?&page=17","POSTUBY","Sosyal Medya","Postuby,  “sosyal medyada ne paylaşsam?“ derdini ortadan kaldıran bir hazır içerik platformudur. Hazır içerik diyoruz çünkü hiçbir şey tasarlamanıza gerek kalmad..."
"1643584662-1312","https://dashboard.startupborsa.com/girisimler?&page=1","iyi yaşa.","Sağlık Hizmetleri & Sağlık Teknolojileri","Kullanıcıların kendi anadillerinde kullanabilecekleri kişiselleştirilmiş sağlıklı yaşam planlarını, Türkiye’nin en iyi eğitmenleri ile hazırlayarak reklamsız şek..."
"1643584538-1075","https://dashboard.startupborsa.com/girisimler?&page=16","Peero","Eğitim & Eğitim Teknolojileri","Peero is a personalized college application counseling portal for prospective college students designed by current college students. Our mission is to make colle..."
"1643584522-1031","https://dashboard.startupborsa.com/girisimler?&page=18","PetPaw","Sosyal Medya","PetPaw üzerinden evcil hayvanlarımıza tek bir tık ile eş veya oyun arkadaşı bulabilir, kendi sosyal çevremizi genişletebilir ve gerekli tüm ihtiyaçlarını tek bir..."
"1643584654-1293","https://dashboard.startupborsa.com/girisimler?&page=2","Queeme","SaaS","Her tüketici bir ürün veya hizmete erişirken sıra beklemek durumunda kalır. Tüketiciler ise sıra beklemektense her zaman öncelikli olmaya ihtiyaç duyarlar.

Quee..."
"1643584588-1180","https://dashboard.startupborsa.com/girisimler?&page=10","Yükle","Teslimat & Lojistik","Yükle iş modeli genel olarak bir kitle kaynak yönetimi iş modeli olarak değerlendirilebilir. Bu iş modelinin bazı bölümleri komisyoncu veya pazar yeri iş modelle..."
"1643584530-1041","https://dashboard.startupborsa.com/girisimler?&page=17","Simnotion","AR & VR / Artırılmış Gerçeklik & Sanal Gerçeklik","Simnotion oyuncuları oyunun içine ışınlayan bir girişim. 

Sanal ve arttılmış gerçeklik kullanarak oyunculara daha önce tatmadıkları bir oyun deneyimiz sunuyoruz..."
"1643584530-1057","https://dashboard.startupborsa.com/girisimler?&page=17","proje bazlı","Yazılım","proje bazlı platformunda amacım, piyasada var olan rakip platformların freelancerlardan tahsil ettiği yüksek komisyon oranlarının çok altında, freelancerların ce..."
"1643584645-1290","https://dashboard.startupborsa.com/girisimler?&page=3","enny","Oyun","enny is a game development studio in Istanbul. We are producing the best quality hyper-casual games with a creative and passionate team."
"1643584580-1153","https://dashboard.startupborsa.com/girisimler?&page=11","EasyHR DijitalİK Çözümleri","İnsan Kaynakları & İşe Alım","İşe alım süreçlerinde kendi kariyer portalınızı kurabilirsiniz. Aynı zamanda iş ilanlarını kendi sitenizden yayınlayabilir ve başvuruları toplayabilirsiniz. Başv..."
"1643584596-1185","https://dashboard.startupborsa.com/girisimler?&page=9","YARD","Spor & Fitness","I am initiating this message to introduce ourselves and as well as our early-stage start-up opportunity called ‘YARD’ directly rather than communicating via shar..."
"1643584654-1300","https://dashboard.startupborsa.com/girisimler?&page=2","Scoutium","Yazılım","Scoutium’a futbolseverler ücretsiz bir şekilde üye olmaktadır; üye  olan kullanıcılar 2 farklı dijital yolculuktan video uzmanı ya da  scout dediğimiz profillere..."
"1643584555-1111","https://dashboard.startupborsa.com/girisimler?&page=14","Kiss Marry Kill","Sosyal Girişimcilik","Kiss-Marry-Kill ile kullanıcıların karşı cinsin gözünden nasıl göründüklerini öğrenebileceği, içinde bulunan oyunlar ve testler sayesinde eşleşenlerin daha kolay..."
"1643584645-1288","https://dashboard.startupborsa.com/girisimler?&page=3","UP School","Eğitim & Eğitim Teknolojileri","Kadınlara teknik donanım ve özgüven kazandırarak teknoloji alanında istihdam edilmesine olanak sağlar.

Bugüne kadar hayata geçirdiği RPA (Robotic Process Automa..."
"1643584621-1241","https://dashboard.startupborsa.com/girisimler?&page=6","Podcaster App","Medya","Podcaster App 4 sorun alanı belirleyip bu sorunları çözmeyi amaçlıyor.

1-Turkiye'de podcast kültürü yaygın değil. Bunu gidermek için 81 ilde 81 yerel gazeteci y..."
"1643584563-1128","https://dashboard.startupborsa.com/girisimler?&page=13","Walkers","Spor & Fitness","Walkers farklı sektörden firmalara alternatif bir marketing kanalı sunar. Walkers, markaların müşterilerine ulaşmaları için gereken iletişimi sağlar ve kullanıcı..."
"1643584497-1001","https://dashboard.startupborsa.com/girisimler?&page=21","Upope","Oyun","Upope, yakın çevrenizdeki insanlarla eşleşip, onlarla taş-kağıt-makas oynadığınız bir mobil uygulamadır. 

Oyun esnasında ilk hamleyi yapan kullanıcı rakibine bl..."
"1643584563-1120","https://dashboard.startupborsa.com/girisimler?&page=13","TRIWI","Giyilebilir Teknolojiler","Akıllı cihaz meme muayene süresince kadınların doğru noktalara doğru basınçlar uygulayarak muayene tamamlamasını sağlar. Uygulama ile menstrual döngü takibi ile ..."
"1643584522-1029","https://dashboard.startupborsa.com/girisimler?&page=18","Gerisay","Reklam & Pazarlama","Gerisay firmalar, aracı kuruluşlar ve ajanslar için e-posta kampanyalarında kullanabilecekleri dinamik sayaç hizmeti sunan bir platformdur.

Dijital pazarlama se..."
"1643584538-1065","https://dashboard.startupborsa.com/girisimler?&page=16","KAZAYAPTIM.COM","Sigorta & Sigorta Teknolojileri","1. Bireyseller ve kurumlar araçlarını kayıt yaparak aylık 1$-4$-6$ paketlerinden bir tanesini seçiyor
2. Paketine göre kaza aında veya araç arızası gibi durumlar..."
"1643584596-1190","https://dashboard.startupborsa.com/girisimler?&page=9","solarVis","Yenilenebilir Enerji","solarVis, evlere kurulmakta ve çok daha hızlı bir şekilde kurulacak olan güneş enerjisine ulaşımı kolaylaştırmak adına  ODTÜ TEKNOKENT'te yazılımlar geliştirmekt..."
"1643584637-1265","https://dashboard.startupborsa.com/girisimler?&page=4","MarketimPro - FMCG cure with Saas/PaaS","Kurumsal Hizmetler","MarketimPro, Amerika’da daha cok yeni 2015 yilinda kesfedilmis,  ozellikle Retail ve FMCG sektorunde buyuk etkiler yaratan “Yeni urun ve  yeni uretici ve satinal..."
"1643584555-1103","https://dashboard.startupborsa.com/girisimler?&page=14","Cybeerly","Telekomünikasyon","Video iletişimi ve çevrimiçi yayın hizmetleri sağlayan, eğitim faaliyetlerini yürütmek için uzmanlaşmış platform"
"1643584580-1151","https://dashboard.startupborsa.com/girisimler?&page=11","ilandanbak.com","e-ticaret","Çoklu kategoride online seri ilan platformu"
"1643584530-1044","https://dashboard.startupborsa.com/girisimler?&page=17","Adgager","Data Analiz & İş zekası","Kurucumuz Umut Vural’ın Pazarlama ve Pazarlama araştırması geçmişi  sebebi  ile  2016’nın ilk aylarında fikir  olarak, 2016 yılının ortalarında da yazılım  safha..."
"1643584547-1092","https://dashboard.startupborsa.com/girisimler?&page=15","İmeceMobil","Tarım & Tarım Teknolojileri","Tarla ve tesisinizin konumuna özel tarımsal hava durumu ve önemli hava olaylarının gerçekleşmeden önce bildirilmesi, çiftçilerimize özel kampanyalar, güncel zira..."
"1643584538-1074","https://dashboard.startupborsa.com/girisimler?&page=16","Wears","AR & VR / Artırılmış Gerçeklik & Sanal Gerçeklik","Alışveriş alışkanlığınız değişiyor.
Sizi büyüleyecek bir sanal giyim teknolojisi ve mağazada zamanı hızlandıracak olan Qr's.
Tüm bu özellikleri barındıran
Wears ..."
"1643584645-1286","https://dashboard.startupborsa.com/girisimler?&page=3","Klonbiyotek Biyoteknoloji A.Ş.","Biyoteknoloji","Şiretimiz Veteriner hızlı tanı kitlerinin yerli ve milli imkanlarla geliştirilmesi, üretimi ve satışı alanında faaliyet göstermektedir."
"1643584563-1116","https://dashboard.startupborsa.com/girisimler?&page=13","Scoutli","Oyun","Scoutli, hem espor takımları ve hem de espor taraftarları farklı hizmetler sunan bir platformdur.

Espor Takımları için:
-Takım yönetimi (Turnuva takvimleri, muh..."
"1643584662-1310","https://dashboard.startupborsa.com/girisimler?&page=1","UserGuiding","Yazılım","Kod yazmadan interaktif ürün rehberleri oluşturabileceğiniz bir user onboarding aracı."
"1643584514-1017","https://dashboard.startupborsa.com/girisimler?&page=19","Jobsangel","null","null"
"1643584645-1282","https://dashboard.startupborsa.com/girisimler?&page=3","Juvi - Imagine, Create, Inspire","Eğitim & Eğitim Teknolojileri","Juvi, %100 önceden izlenmiş, 1-8 yaş arasındaki çocukların yaş ve gelişim özelliklerine uygun güvenilir içerik sunan bir çocuk video uygulamasıdır.

IOS ..."
"1643584555-1094","https://dashboard.startupborsa.com/girisimler?&page=14","SmartOpt","Teslimat & Lojistik","SmartOpt is a deep technology company that integrates machine learning (ML) and artificial intelligence (AI) with optimization for the end-to-end supply chain ma..."
"1643584596-1191","https://dashboard.startupborsa.com/girisimler?&page=9","KurumsalMarket","SaaS","Kobilerin veya bireysel üreticilerin ürünlerini internetten satıp, kolayca ödeme almalarını sağlayan e-ticaret altyapısı geliştiriyoruz. Çok kanallı satış platfo..."
"1643584637-1266","https://dashboard.startupborsa.com/girisimler?&page=4","CiciKutu","e-ticaret","Ailelerin çocuklarının yaşlarına uygun kitapları keşfedebilecekleri ve abonelik modeli ile satın alabilecekleri içerik ve bir e-ticaret sitesi."
"1643584654-1308","https://dashboard.startupborsa.com/girisimler?&page=2","Distant","AR & VR / Artırılmış Gerçeklik & Sanal Gerçeklik","We develop a location-based augmented reality ecosystem that serve for multiple platforms, from social networks and retail applications to platforms for tourism ..."
"1643584547-1082","https://dashboard.startupborsa.com/girisimler?&page=15","Mucit Panda","e-ticaret","Mucit Panda - Yaratıcı Çocuklara Eğlenceli Oyuncaklar

Yaratıcılık zekânın eğlenceli şekilde kullanılmasıdır, diyor Albert Einstein.

İnsan zekâsının ve yaratıcı..."
"1643584662-1324","https://dashboard.startupborsa.com/girisimler?&page=1","Infoset","Müşteri İlişkileri Yönetimi","Bulut çağrı merkezi, e-posta, canlı destek, chatbot ve daha fazlası. Tüm destek ve satış süreçlerini tek platformdan, uzaktan yönet."
"1643584497-993","https://dashboard.startupborsa.com/girisimler?&page=21","iSIMPlatform","Akıllı Şehirler","iSIMPlatform; tek noktadan yönetim, farklı sistemlere entegre olabilme kabiliyeti, dinamik ekran yönetimi, kullanıcı ihtiyaçlarına uygun şekilde özelleştirilebil..."
"1643584637-1256","https://dashboard.startupborsa.com/girisimler?&page=4","Momentum ARGE","Yenilenebilir Enerji","Ürün / Hizmet Özeti
Karayel, küçük ölçek akış hızlandırıcılı rüzgar türbini boğaz bölgesinde akışın hızını artırır. Bu sayede çıkış gücü aynı çaptaki konvansiyon..."
"1643584588-1167","https://dashboard.startupborsa.com/girisimler?&page=10","HOGY Fitness","Spor & Fitness","HOGY sağ ve solunda bulunan ayarlanabilir kolları sayesinde kol, göğüs, omuz, sırt ve bacak kaslarınızın hepsini çalıştırabileceğiniz bir üründür. 

Ürünümüzün ö..."
"1643584580-1156","https://dashboard.startupborsa.com/girisimler?&page=11","Dataeva","Müşteri İlişkileri Yönetimi","Farklı sektörlerde yer alan müşterilerine CRM ve İş Zekası odaklı çözümleri sunan ve müşteri memnuniyetini esas alan profesyonel yazılım ekibi ve danışmanların o..."
"1643584654-1304","https://dashboard.startupborsa.com/girisimler?&page=2","Coucle","Eğitim & Eğitim Teknolojileri","NEDEN COUCLE ?  COUCLE İLE KİMİN HAYATINA DOKUNACAĞIZ ?
 
 
Günümüz koşulları değişirken, bu değişimin eğitimde çeşitlilik yarattığı saklanamaz bir gerçektir. Öz..."
"1643584538-1059","https://dashboard.startupborsa.com/girisimler?&page=16","Producter","SaaS","Producter is an all-in-one product management software for product-oriented companies.

It offers teams a complete cycle between collecting feedback, managing ta..."
"1643584637-1270","https://dashboard.startupborsa.com/girisimler?&page=4","Lost&Found","Eğitim & Eğitim Teknolojileri","Lost&Found Kariyer, ""kaybolmuş"" hisseden üniversite öğrencilerinin kendilerini bulmalarına yardımcı olmak için kurulmuş Yeni Nesil Öğrenci Platformudur."
"1643584497-987","https://dashboard.startupborsa.com/girisimler?&page=21","KALMASIN İLETİŞİM BİLGİSAYAR KOZMETİK TEKSTİL İNŞAAT SANAYİ VE TİCARET LİMİTED ŞİRKETİ","Yiyecek & İçecek","Temel Ortaklar, İşbirlikleri ve Kalmasın



Kalmasın GooglePlay ve AppStore uygulama mağazalarında yayınlanmış aktif olarak kullanıcı ve işletme toplayan bir uy..."
"1643584547-1079","https://dashboard.startupborsa.com/girisimler?&page=15","Meditasyon Yap","Sağlık Hizmetleri & Sağlık Teknolojileri","6 farklı dilde kullanıcıların meditasyon yapabildiği ve gelişimlerini takip edebildiği meditasyon uygulamasıdır."
"1643584613-1224","https://dashboard.startupborsa.com/girisimler?&page=7","ROG Studios","AR & VR / Artırılmış Gerçeklik & Sanal Gerçeklik","https://sidequestvr.com/app/2839/master-of-the-tattooverse
https://store.steampowered.com/app/1274440/Jack_Walker_Ethereal/ 
https://www.youtube.com/channel/UC7l..."
"1643584514-1008","https://dashboard.startupborsa.com/girisimler?&page=19","DOKUN","null","null"
"1643584555-1096","https://dashboard.startupborsa.com/girisimler?&page=14","ideject","Sosyal Medya","Bir fikir veya proje geliştirdiğimizde ve aniden konumuzla ilgili bilinmeyen bir noktayla karşılaştığımızda ne yapacağımızı bilemiyoruz, sırf bu nedenden bile fi..."
"1643584571-1130","https://dashboard.startupborsa.com/girisimler?&page=12","Trendbox Innovative Solutions ve Teknoloji AŞ.","Data Analiz & İş zekası","FMCG 'de Modern ve Geleneksel adlı 2 farklı kanaldan satış yapılır. Modern kanaldan satış verileri alınabilirken ""Geleneksel""den yani bakkal, mini market, kuruy..."
"1643584571-1135","https://dashboard.startupborsa.com/girisimler?&page=12","Terapiya","SaaS","Terapiya, sesli, yazılı ya da görüntülü dijital iletişim kanallarını kullanarak psikolojik danışmanlık, terapi ve koçluk alanlarında görülen problemleri çözen; h..."
"1643584588-1183","https://dashboard.startupborsa.com/girisimler?&page=10","Madcraft Studios","Oyun","Madcraft Studios olarak İstanbul merkezli ve birçok platforma yönelik oyun geliştiren bir ekibiz."
"1643584604-1214","https://dashboard.startupborsa.com/girisimler?&page=8","Rekrom Optoelektronik","Teknoloji","REKROM Optoelektronik firmasının amacı optik tasarım ve analiz yazılımları, LIDAR, uzun menzil IP ve termal kamera geliştirilmesi gibi stratejik ve
milli kritik ..."
"1643584596-1193","https://dashboard.startupborsa.com/girisimler?&page=9","Devamapp","Mikro Mobilite","Elektrikli scooterlar, saatlik araç kiralama platformları, kiralanabilir elektrikli küçük sınıf araçlar ve toplu taşıma mobilite çözümleri. Hepsi sadece Devamapp..."
"1643584530-1054","https://dashboard.startupborsa.com/girisimler?&page=17","Favoritan","Sosyal Medya","FAVORITAN; hem B2B hem de B2C için geçerli bir uygulama olup, basit, anlaşılır ve aynı zamanda oldukça eğlenceli ve yararlıdır.

Amacımız hayatımızda en sevdiğim..."
"1643584563-1112","https://dashboard.startupborsa.com/girisimler?&page=13","Bevo","Yiyecek & İçecek","Hızlı çözünebilir siyah çay ürünleri ile, Türkiye'deki 330 milyon dolarlık geleneksel dökme siyah çay pazarından %5 pay almak."
"1643584538-1063","https://dashboard.startupborsa.com/girisimler?&page=16","SorGuru","Eğitim & Eğitim Teknolojileri","SorGuru, insanların farklı alanlardan oluşan sorularına cevap verip sorunlarına çözüm üretmek için kurulmuş gurularla danışanları buluşturan bir platformdur. Gur..."
"1643584571-1136","https://dashboard.startupborsa.com/girisimler?&page=12","LojiPark - Dijital Lojistik Terminali","Teslimat & Lojistik","Türkiye de 870K civarı bireysel karayolu nakliyesi yapan araç sahibi vardır. Günlük ortalama 450K yurtiçi sevkiyat yapılmaktadır. Bunların 300K'sı spot olarak ta..."
"1643584538-1069","https://dashboard.startupborsa.com/girisimler?&page=16","HELP STEPS - PYUA DİJİTAL","Yazılım","Donate cash! But not your cash… Your Steps!"
"1643584613-1230","https://dashboard.startupborsa.com/girisimler?&page=7","Verified by Sertifier INC.","Eğitim & Eğitim Teknolojileri","Verified, Sertifier INC. tarafından geliştirilmiş yetkinlik odaklı mikro öğrenme ve eğitim pasaportu uygulamasıdır."
"1643584555-1106","https://dashboard.startupborsa.com/girisimler?&page=14","Potansiyelim","Eğitim & Eğitim Teknolojileri","2011 yılında kurduğumuz Kişisel Gelişim Online ile, 9 yıl başarılı bir şekilde eğitimler verdik. Akademi olarak büyümekte zorlandık. Bir çok aksilik yaşadık ve d..."
"1643584514-1019","https://dashboard.startupborsa.com/girisimler?&page=19","MEDIBOOTHVR","null","null"
"1643584563-1117","https://dashboard.startupborsa.com/girisimler?&page=13","Kumbaravan","Eğlence & Müzik","Kültür sanat kurumları halkı bir araya getiren ve etkileşim kurmalarını sağlayan kültür sanat portalı."
"1643584654-1296","https://dashboard.startupborsa.com/girisimler?&page=2","Conven","Gayrimenkul","Conven aşamalı sahiplik modeli ile peşinatı olmayan veya satın almak istediği konut için  aylık konut kredisi ödemeleri bütçesinin üzerinde olan konut alıcıların..."
"1643584530-1040","https://dashboard.startupborsa.com/girisimler?&page=17","Holitera","Seyahat & Turizm","Üniversite öğrencisiyken acentelerin online satış imkanlarının kısıtlı olması ve kullanıcıların yerel firmalardan tur ve aktivitelere katılmak için tek tek yerel..."
"1643584571-1140","https://dashboard.startupborsa.com/girisimler?&page=12","GIVLON","e-ticaret","GIVLON, düğünler ve babyshower’lar için özelleşmiş Türkiye’nin ilk online hediye listesi oluşturma ve paylaşma platformudur. 

Bebek ve yeni ev hediyeleri için m..."
"1643584613-1229","https://dashboard.startupborsa.com/girisimler?&page=7","Kitapify","e-ticaret","Sıfır & ikinci el, kitap, kırtasiye, film, oyun gibi kategorilerde ürünlerin alınıp satılabileceği pazaryeri uygulamamızda   bireysel kullanıcılar, sahaflar, yay..."
"1643584514-1010","https://dashboard.startupborsa.com/girisimler?&page=19","ilk-is.com","İnsan Kaynakları & İşe Alım","İş arayan veya iş başvurusu yapmak isteyen herkesin bir CV (özgeçmişe) ihtiyacı vardır. ilk-is.com olarak insanların profesyonel ve özgün CV'ler oluşturmasına ya..."
"1643584497-991","https://dashboard.startupborsa.com/girisimler?&page=21","Tenis.io","Spor & Fitness","Tenis.io Bir çok tenis kulübü tarafından desteklenen bir çevrimiçi tenis kulübü, tenis oyuncularını diğer tenis tutkunlarıyla birlikte oynamayı amaçlıyor.

Tenis..."
"1643584580-1150","https://dashboard.startupborsa.com/girisimler?&page=11","Albert Health","Sağlık Hizmetleri & Sağlık Teknolojileri","Albert Health 2018 yılında 3 eski Siemens çalışan tarafından kurulmuş bir sağlık girişimidir. Merkezi İngiltere’de bulunan şirket, uluslararası hızlandırıcı prog..."
"1643584621-1246","https://dashboard.startupborsa.com/girisimler?&page=6","Parkedin","Akıllı Şehirler","Parkedin kullanıcılara otopark bulunmasından rezervasyona ,temassız giriş çıkıştan ödemeye kadar tüm sürecinde dijital bir deneyim sunar.

Bireysel olarak otopar..."
"1643584547-1078","https://dashboard.startupborsa.com/girisimler?&page=15","Shiftplanner Teknoloji A.Ş.","SaaS","Shiftplanner, mağaza, kafe, restoran, market, fabrika, çağrı merkezi gibi vardiyalı çalışan sektörlerde faaaliyet gösteren firmalarda yapılan vardiya, mesai, izi..."
"1643584489-985","https://dashboard.startupborsa.com/girisimler?&page=22","Momly","Sağlık Hizmetleri & Sağlık Teknolojileri","Kadınların kendileri ve çocuklarının ruh hali, gelişimi ve sağlığına dair her şeyi kolayca takip edebileceği bir mobil sağlık platformu."
"1643584588-1166","https://dashboard.startupborsa.com/girisimler?&page=10","Mindsite","SaaS","E-Ticaret alanında gerçek zamanlı analitik ve raporlama platformu"
"1643584522-1026","https://dashboard.startupborsa.com/girisimler?&page=18","Tanıt - Influencer Pazar Yeri","Reklam & Pazarlama","Markaların en etkili ve verimli reklam aracı olarak bilinen influencerlardır. Fakat markalar influencerların reklam verimliliğini, takipçi sayısı gerçekliğini,  ..."
"1643584604-1205","https://dashboard.startupborsa.com/girisimler?&page=8","The Law Archive","Hukuk Teknolojileri","Merhabalar, İsmim Alperen Mecit. The Law Archive adlı girişimin kurucu ortağı ve avukatım. İş fikrimiz çok açık ve anlaşılır.

Avukatlık 145 yıllık bir meslek ol..."
"1643584580-1163","https://dashboard.startupborsa.com/girisimler?&page=11","Deliveryo Hızlı E-Ticaret","Teslimat & Lojistik","Deliveryo, kullanıcı dostu arayüz ile çevredeki mağaza ve butikleri alışverişe sunan bir pazar yeridir. Bunun yanı sıra, sunduğu geniş alışveriş imkanını çok hız..."
"1643584530-1045","https://dashboard.startupborsa.com/girisimler?&page=17","Limbul","Teknoloji","Limbul'un amacı; insanların en kısa ve hızlı şekilde, en doğru bilgiye ulaşmalarını sağlamaktır. Dünya'da ilk defa Limbul tarafından geliştirilen ""Doğrulanmış Ve..."
"1643584654-1299","https://dashboard.startupborsa.com/girisimler?&page=2","Oyuncu Market","e-ticaret","Oyuncu Market oyuncuların ihtiyacı olan fiziksel ve sanal ürünlerin tamamı için açık bir pazaryeri olarak tasarlanmıştır. Ürün gaming ekosisteminde bir superapp ..."
"1643584563-1124","https://dashboard.startupborsa.com/girisimler?&page=13","Peyk","Siber Güvenlik","Peyk ürünü, Peyk Siber Güvenlik Teknolojileri A.Ş tarafından geliştirilen bir web sitesi monitörleme servisidir. Peyk içerisinde bulundurduğu çeşitli modüllerle ..."
"1643584621-1238","https://dashboard.startupborsa.com/girisimler?&page=6","Turacoon","Eğitim & Eğitim Teknolojileri","Dünyanın dört bir yanında Türkçe öğrenmek isteyen öğrencilere Türkçe öğrenebileceği ve pratik yapabileceği bir ortam sunuyoruz. Öğrenci sisteme kayıt oluyor ve 6..."
"1643584588-1171","https://dashboard.startupborsa.com/girisimler?&page=10","VenueX","Teknoloji","VenueX offers an all-in-one solution to commercial properties and retailers to drive nearby shoppers in-store. We make physical businesses more visible on search..."
"1643584497-1003","https://dashboard.startupborsa.com/girisimler?&page=21","Signora","Moda & Güzellik","Signora' daki amacımız her gelinin mükemmel gelinliğini bulması. Biz gelinler için en önemli olan parametrelere dayalı seçenekler sunup onun için en iyi analizle..."
"1643584514-1007","https://dashboard.startupborsa.com/girisimler?&page=19","UniPubs","null","null"
"1643584555-1110","https://dashboard.startupborsa.com/girisimler?&page=14","SANKT","Moda & Güzellik","Sankt is set out to create simple, elegant, universally powerful designs with international ambitions yet with local values at it’s heart. The majority of materi..."
"1643584654-1297","https://dashboard.startupborsa.com/girisimler?&page=2","AssistBox Teknoloji","Yazılım","AssistBox, finans, sigorta, perakende ve sağlık sektörlerinde, müşterilere uzaktan hizmet verilebilmesi için geliştirilmiş bir online iletişim platformudur. Plat..."
"1643584563-1121","https://dashboard.startupborsa.com/girisimler?&page=13","shoplinkaz","e-ticaret","Shoplink platformu bir Hublink ürünüdür. Hizmetlerimizle, işletmeleri dijital dünyaya taşımak için müşterilerimize maksimum destek sağlamaya çalışıyoruz."
"1643584604-1208","https://dashboard.startupborsa.com/girisimler?&page=8","Playz Yazilim Anonim Sirketi","Oyun","Playz uygululaması, oyun oynayan ve oyunlara ilgi duyan kişilerin bir araya geldiği, oyuncular tarafından oyun içeriklerinin paylaşıldığı ve tüketildiği, en idea..."
"1643584621-1252","https://dashboard.startupborsa.com/girisimler?&page=6","MOVE ON","AI / Yapay Zeka","MOVE ON, otonom traktör yazılım+donanımları geliştirerek yapay zeka tabanlı multidisipliner tarım teknolojileri sunar."
"1643584637-1262","https://dashboard.startupborsa.com/girisimler?&page=4","minirez","Seyahat & Turizm","AdviceAl Geleneksel medya ve satış kanallarına ek olarak yenilikçi ürünlere, global dağıtım kanalları ve hibrit iş modellerine giderek artan talep karşısında müş..."
"1643584547-1091","https://dashboard.startupborsa.com/girisimler?&page=15","Ara","Tüketici Hizmetleri","“Türkiye’nin Hizmet Arama Motoru” sloganıyla e-ticaret ekosistemine dahil olan Ara.com.tr özetle, online hizmet platformudur.

Proje, hizmet verenler ile müşteri..."
"1643584497-994","https://dashboard.startupborsa.com/girisimler?&page=21","DİMORC","Finans Teknolojileri","dimorc.com blockchain eko sistemidir gayrimenkul sektöründe faizsiz kredilere erişimi sağlayacak pazar yeridir tüm işlemleri kendi borsa platformu olan DİMEX Exc..."
"1643584588-1172","https://dashboard.startupborsa.com/girisimler?&page=10","Çöz Gönder","Eğitim & Eğitim Teknolojileri","2020 senesinin Eylül ayında kurulan Çöz Gönder ülkemizin her köşesindeki öğrencilerin eğitime eşit şartlarda ve en uygun fiyatla ulaşmasını hedefler. Biz biliy..."
"1643584547-1088","https://dashboard.startupborsa.com/girisimler?&page=15","Halısahavar","Spor & Fitness","Futbolun topun peşinden koşturmaktan daha fazlası olduğuna inanarak, halı saha organizasyonlarında yaşanan; oyuncu bulma, rakip arama, saha randevusu alma, maça ..."
"1643584571-1132","https://dashboard.startupborsa.com/girisimler?&page=12","Makaleyaz.NET - İçerik Alım-Satım Platformu","e-ticaret","Önceliklerimiz arasında, ülkemizin okumayı, araştırmayı ve yazmayı seven öğrenci kitlesi başta olmak üzere; tüm herkesin ekstra kazanç elde edip bu alanda tecrüb..."
"1643584580-1148","https://dashboard.startupborsa.com/girisimler?&page=11","Univerup","Data Analiz & İş zekası","Univerup 

işletmelerin mevcut veya planlanan ar-ge süreçlerinde yaşadıkları  sorun, problem ve ihtiyaçlarının  universite öğrencileri ile gizlilik sözleşmesi im..."
"1643584662-1321","https://dashboard.startupborsa.com/girisimler?&page=1","kooplog","Teknoloji","kooplog, blog yazar ve okurlarını bir araya getiren bir blog platformudur.  Blog yazmak isteyip, kişisel bir web sitesi oluşturmak için gerekli teknik bilgiye, z..."
"1643584555-1097","https://dashboard.startupborsa.com/girisimler?&page=14","witwiser","Eğitim & Eğitim Teknolojileri","Witwiser, çevrimiçi ölçme ve değerlendirme çözümlerine odaklanmış ulusal ve uluslararası pazarlarda, yenilikçi ve kullanıcı odaklı bir şekilde 2018 yılından beri..."
"1643584662-1325","https://dashboard.startupborsa.com/girisimler?&page=1","Swipeline","Topluluk Yönetimi","Girişimcilik, startup ve teknoloji odaklı yeni medya. Haber, video ve podcast içerikleri üretir.
Swipeline, ana iletişim kanalını Instagram olarak belirlemiştir...."
"1643584621-1255","https://dashboard.startupborsa.com/girisimler?&page=6","Maestro - İş Süreç Uygulaması","SaaS","Maestro Uygulaması, çalışanların mobil cihazlar aracılığıyla otomatikleştirilmiş iş akışlarını tetiklemesini ve sonlandırmasını sağlayarak üstün bir kullanıcı de..."
"1643584621-1248","https://dashboard.startupborsa.com/girisimler?&page=6","Finage","Finans Teknolojileri","Great way to access financial data

Finage has more than 32.000+ symbols in real-time. We bring together everything that’s required to build financial applicatio..."
"1643584522-1032","https://dashboard.startupborsa.com/girisimler?&page=18","ÇiftçidenEve","Tarım & Tarım Teknolojileri","Türkiye'nin ilk dijital tarım ve gıda pazarı."
"1643584555-1104","https://dashboard.startupborsa.com/girisimler?&page=14","Wiser Media","Eğitim & Eğitim Teknolojileri","Sadece podcast keşfin %90'ı 'word of mouth' üzerinden ağızdan ağıza kulaktan kulağa gerçekleşiyor. Biz bunu sistematik hale getiriyoruz.  
Medya algoritmaları si..."
"1643584613-1220","https://dashboard.startupborsa.com/girisimler?&page=7","Volx Games","Oyun","Volx Games, uzun yıllar birçok başarılı projeye imza atmış, mobil ve desktop oyun geliştirme konusunda global ölçekli birçok markaya hizmet vermiş, 3 yaratıcı, ü..."
"1643584654-1294","https://dashboard.startupborsa.com/girisimler?&page=2","Byqee","Mikro Mobilite","Byqee, 2020 yılında her bisiklete uyum sağlayabilen dünyanın en hafif e-bisiklet dönüşümünü müşterilerine sunan ürünüyle Türkiye pazarına giriş yaparak büyük bir..."
"1643584645-1283","https://dashboard.startupborsa.com/girisimler?&page=3","DOST SCOOTER","Mikro Mobilite","Dost Scooter, first/last mile taşımacılığı için alternatif mikro hareketlilik aracı olan elektrikli scooter'ların sürüş paylaşımı hizmeti veren start-up firmasıd..."
"1643584514-1004","https://dashboard.startupborsa.com/girisimler?&page=19","Yancep","null","null"
"1643584613-1231","https://dashboard.startupborsa.com/girisimler?&page=7","Test Invite","Eğitim & Eğitim Teknolojileri","Test Invite, sınav ve ölçme-değerlendirme süreçlerini denetimli ve güvenli bir çevrimiçi platformda yürütmek isteyen kuruluşlar için geliştirilmiş ve gelişmeye d..."
"1643584604-1211","https://dashboard.startupborsa.com/girisimler?&page=8","Obifin","Finans Teknolojileri","Obifin, tüm banka hesap hareketlerini anlık olarak tek ekranda göstererek, özel raporlamalar ve analizler yapmaktadır. Yapay zeka yardımıyla nakit akışı konusund..."
"1643584522-1037","https://dashboard.startupborsa.com/girisimler?&page=18","Longstage","AR & VR / Artırılmış Gerçeklik & Sanal Gerçeklik","Longstage, iş dünyasını hedef alan üç boyutlu toplantı ve etkinlik uygulamasıdır. Öyle ki bu uygulama sayesinde iş görüşmeleri ayarlayabilir ve çok katılımlı dev..."
"1643584514-1005","https://dashboard.startupborsa.com/girisimler?&page=19","Ticaari.com","null","null"
"1643584645-1289","https://dashboard.startupborsa.com/girisimler?&page=3","Referandom","Sosyal Girişimcilik","Referandom is a policy-oriented social platform operating in Turkey. On Referandom, users can vote and explain their reasons for motions, bills, and legislative ..."
"1643584522-1033","https://dashboard.startupborsa.com/girisimler?&page=18","HEEVİ TEKNOLOJİ VE YAZILIM A.Ş.","Yazılım","Heevi, temel olarak iki kullanıcı tipolojisine hizmet vermeyi hedeflemektedir: iş makinesini ya da aracını kiraya vermek isteyen ve verimliliği arttırmak isteyen..."
"1643584571-1137","https://dashboard.startupborsa.com/girisimler?&page=12","AI Labs Bilgi Teknolojileri Ltd. Şti.","AI / Yapay Zeka","We create artificial intelligence solutions that really work!
We make it possible!
We come up with great ideas that bring solutions to challenging real world pro..."
"1643584530-1055","https://dashboard.startupborsa.com/girisimler?&page=17","Bitayka Trading LTD","e-ticaret","Bitayka gerek uygulamaları gerekse de web sitesi üzerinden aynı özellikleri 
kesintisiz olarak müşterisine sunabildiğinden, kullanıcı her ortamdan favori işletme..."
"1643584538-1072","https://dashboard.startupborsa.com/girisimler?&page=16","Sensemore","Nesnelerin İnterneti","Sensemore, kestirimci bakım için özel olarak tasarlanmış donanım ve yazılıma sahip, uçtan uca, kullanımı kolay ve düşük maliyetli bir kestirimci bakım platformud..."
"1643584497-990","https://dashboard.startupborsa.com/girisimler?&page=21","Kadama kadın kooperatifi","Perakende","Kadama kadın kooperatifi 2020 Mart ayında Türkiye Erzurum’da kuruldu. Kuruluş amacı bölgede bulunan bütün kadın gruplarının yetenekleri dahilinde el emeklerini e..."
"1643584604-1210","https://dashboard.startupborsa.com/girisimler?&page=8","Genz Biyoteknoloji A.Ş.","Biyoteknoloji","Genz, 2017 yılında kurulan en prestijli üniversitelerden spin of etmiş bir biyoteknoloji şirketidir. Pandemi öncesinde Sağlık Bakanlığı tarafından onaylanmış CE ..."
"1643584497-1000","https://dashboard.startupborsa.com/girisimler?&page=21","Movai","Sosyal Medya","Movai, kullanıcıların filmler hakkındaki düşüncelerini paylaşabilecekleri, açık ya da özel olarak onlar hakkında konuşabilecekleri bir platformdur."
"1643584637-1257","https://dashboard.startupborsa.com/girisimler?&page=4","e-Gönüllü","Sosyal Girişimcilik","e-Gönüllü STK ve gönüllüleri dijitalde bir araya getiren teknoloji tabanlı bir platformdur. Bu bağlamda STK'ların dijitalleşme çağrılarını sitesi ve sosyal medya..."
"1643584662-1320","https://dashboard.startupborsa.com/girisimler?&page=1","DinamikCRM","SaaS","DinamikCRM yaklaşık 1 yıl süren ürün hazırlıkları sonrasında 2018 yılında şahıs şirketi olarak faaliyete başladı, 2020 başında ise sermaye şirketi kurulumu yapıl..."
"1643584571-1139","https://dashboard.startupborsa.com/girisimler?&page=12","Power.dev","Data Analiz & İş zekası","We offer an all-in-one electricity market analytics self-service SaaS tool which is not available in the market. Power.dev consolidates all necessary data from I..."
"1643584654-1302","https://dashboard.startupborsa.com/girisimler?&page=2","Stox","Finans & Bankacılık","Stox provides the tools you require to monitor your global asset portfolio, track your performance over time and stay up to date on your trade game with an easy-..."
"1643584538-1060","https://dashboard.startupborsa.com/girisimler?&page=16","Corld","Sosyal Medya","Corld is built for people who are looking for a new and improved social media experience.

Corld is the manifestation of a more sustainable and equitable social ..."
"1643584571-1141","https://dashboard.startupborsa.com/girisimler?&page=12","Sosyal Saha","Spor & Fitness","Hafta sonu eksik kadronuza futbolcu veya boş vaktinize maç arayabildiğiniz bir uygulama."
"1643584514-1018","https://dashboard.startupborsa.com/girisimler?&page=19","Teknende.com","null","null"
"1643584555-1105","https://dashboard.startupborsa.com/girisimler?&page=14","Bijunior","İnsan Kaynakları & İşe Alım","Dijital ve Kreatif Dünyanın İş İlanı / İş Bulma Platformu."
"1643584596-1189","https://dashboard.startupborsa.com/girisimler?&page=9","BenimPOS","Yazılım","BenimPOS KOBİ’ler için satış ve stok, banka hesap takibi, online satış, tahsilat ve e fatura süreçlerini yönetebildikleri bulut tabanlı bir B2B yazılımıdır."
"1643584580-1160","https://dashboard.startupborsa.com/girisimler?&page=11","BiÇözüm","Perakende","Satış sonrası yaşayabileceğiniz her türlü sorunda Biçözüm var. 

Ürünü satın aldıktan sonra size sunduğumuz kişisel envanter yöneticisine kaydediyorsunuz. Servis..."
"1643584580-1152","https://dashboard.startupborsa.com/girisimler?&page=11","ART Labs","AR & VR / Artırılmış Gerçeklik & Sanal Gerçeklik","We are helping eCommerce companies increase conversion and decrease product returns with AR. 

We leverage AI to scale the 3D content generation which is the mai..."
"1643584613-1222","https://dashboard.startupborsa.com/girisimler?&page=7","Cineshort","Video & Animasyon","Mubi'nin Kısası: Cineshort.

Cineshort, gün içerisindeki ufak anlarınızda nefis filmleri, Türkçe altyazı seçeneğiyle izleyebileceğiniz bir mobil odaklı video pla..."
"1643584571-1131","https://dashboard.startupborsa.com/girisimler?&page=12","Seepeaks","e-ticaret","Seepeaks'te Influencerlara kendi online mağazalarını açma imkanı sağlıyoruz. Bu sayede hem takipçiler ürünlere kolayca ulaşabiliyor hem de markalar bir Influence..."
"1643584530-1046","https://dashboard.startupborsa.com/girisimler?&page=17","MaestroCR","SaaS","MaestroCR ile; yazılım projelerinizde müşterileriniz ile teknik ekibiniz arasında verimli bir köprü olmak amacındayız. Projedeki analiz-efor-faturalama süreçleri..."
"1643584596-1192","https://dashboard.startupborsa.com/girisimler?&page=9","English Guru LLC","Eğitim & Eğitim Teknolojileri","English Guru, ilk aşamada türkiye pazarı ile ilgilenmektedir. Yatırımcı desteği ile dünya pazarlarına açılabilecek potansiyele ve teknolojiye sahiptir. Alt yapı ..."
"1643584662-1327","https://dashboard.startupborsa.com/girisimler?&page=1","Earnado","Reklam & Pazarlama","Google, Facebook ve rakiplerin davranışlarından hareket ile firmaların seo, sosyal medya ve reklam yönetimi konusunda ne yapmasını gerektiğine karar veriyor ve b..."
"1643584645-1284","https://dashboard.startupborsa.com/girisimler?&page=3","Goyomod","e-ticaret","Goyomod.com, e-ticaret sitesi açmak isteyenlerin işinizi hızlandırmak amaçlı hazırlanmıştır. Zaman kaybetmeden ve hızlıca (3 Dakika) e-ticaret sitenizi açabilirs..."
"1643584654-1307","https://dashboard.startupborsa.com/girisimler?&page=2","Magfi","Reklam & Pazarlama","Magfi, onlarca sosyal medya platformundaki topluluk ve grupları bulmanıza sağlayan bir mobil uygulamadır."
"1643584571-1138","https://dashboard.startupborsa.com/girisimler?&page=12","Youthall","İnsan Kaynakları & İşe Alım","Youthall, 2014 yılında 2 girişimci tarafından Türkiye'nin ilk dijital işveren markası ve genç yetenek platformu olarak kurulmuştur. Türkiye ve dünyanın en iyi şi..."
"1643584538-1064","https://dashboard.startupborsa.com/girisimler?&page=16","OtherSide Esports","Oyun","OtherSide Esport #actforequal destekçisi, Türkiye Espor ekosisteminde dijital olarak varlığını 7 takım/oyun, 66 oyuncusu ile, kısa sürede elde ettiği başarıları ..."
"1643584514-1011","https://dashboard.startupborsa.com/girisimler?&page=19","Humanup","null","null"
"1643584621-1245","https://dashboard.startupborsa.com/girisimler?&page=6","ParkMentor","Akıllı Şehirler","ParkMentor park sürecini uçtan uca otonomlaştırarak, otopark işletmesinin yönetim süreçlerini iyileştirirken sürücülerin daha rahat ve daha hızlı bir şekilde par..."
"1643584563-1123","https://dashboard.startupborsa.com/girisimler?&page=13","OCALIS Mühendislik","Giyilebilir Teknolojiler","Yapılan işe göre vücudu destekleyen endüstriyel dış iskelet sistemleri geliştiriyoruz.

Bu tür endüstriyel dış iskeletler, otomotiv, havacılık, kaynak, makine, b..."
"1643584637-1269","https://dashboard.startupborsa.com/girisimler?&page=4","Akılfikir","Sosyal Girişimcilik","Entrepreneurs meet with investors, hundreds of brilliant ideas and hundreds of brands are reborn.

Always mind idea..."
"1643584637-1272","https://dashboard.startupborsa.com/girisimler?&page=4","Verilogy OÜ","Regülasyon Teknolojileri","Intelligent privacy policy automation meets legal design."
"1643584596-1194","https://dashboard.startupborsa.com/girisimler?&page=9","Manjo","Yiyecek & İçecek","Müşterilere restoran lezzetlerini ulaştırırken mümkün olan en kolay, en hızlı ve en düşük maliyetli yolu buluyoruz. Müşterilerin restoran lezzetlerini ister yeri..."
"1643584580-1162","https://dashboard.startupborsa.com/girisimler?&page=11","Mimix","AI / Yapay Zeka","Mimix, kullanıcıların sevdikleri film/dizi karakterlerini kendi mimikleri ve sesleriyle yeniden canlandırarak eğlenceli içerikler üretmelerini amaçlayan bir sosy..."
"1643584563-1119","https://dashboard.startupborsa.com/girisimler?&page=13","egaranti","SaaS","Satış sonrası hizmetlerde, satın aldığı ürünün garanti belgesini veya servis fişini kaybeden tüketicilerin, uyuşmazlık söz konusu olduğunda mağduriyet yaşanmakta..."
"1643584621-1244","https://dashboard.startupborsa.com/girisimler?&page=6","DeepSport","Spor & Fitness","DeepSport, kendi başına egzersiz yapanlar ve egzersizde yönlendirmeye ihtiyaç duyabilecekler için cihazın kamerasını kullanarak anlık geri bildirimler veren bir ..."
"1643584522-1038","https://dashboard.startupborsa.com/girisimler?&page=18","Ligazone","Oyun","Bizi bu projede buluşturan ortak değer “Oyun Oynama” tutkumuzdur. Bu tutkumuzu ve teknik bilgilerimizi; ticari bir hizmet olarak kullanıcılarımız ile paylaşmak b..."
"1643584637-1260","https://dashboard.startupborsa.com/girisimler?&page=4","STETO","Sağlık Hizmetleri & Sağlık Teknolojileri","Kullanıcılarının; kişisel bilgisayar, tablet veya telefonları ile dünyanın her yerinden internet üzerinden (online), sesli ve görüntülü olarak sağlık uzmanlarınd..."
"1643584662-1323","https://dashboard.startupborsa.com/girisimler?&page=1","Glocalzone","Mobilite","İstediğin ürünü, dünyanın her yerinden gezginler aracılığı ile güvenle sipariş et ve senden istenen siparişleri getirerek, gezerken para kazan!

Birçok ülkeden i..."
"1643584563-1126","https://dashboard.startupborsa.com/girisimler?&page=13","Bishy Payment Systems Trading Ltd.","Finans Teknolojileri","-İndirimli alışveriş
-Uzaktan, hızlı ve temassız şekilde ödeme yapabilme
-Üyelerin kendi aralarında hızlı ve masrafsız transferi
-e-ticaret uyumluluğu"
"1643584530-1050","https://dashboard.startupborsa.com/girisimler?&page=17","kolayetic","SaaS","Kolayetic ile e-ticaret operasyonlarınızı kolaylaştırın!

Kolayetic, 2020 sonu ürün geliştirilmesine başlanmış olup 2021 Nisan ayında “Kolayetic Yazılım Sistemle..."
"1643584522-1023","https://dashboard.startupborsa.com/girisimler?&page=18","Forbigs Yazılım Teknolojiler","Data Analiz & İş zekası","Mevcut firmaların analiz/yönetim ve donanım desteğiyle kontrol altında tutulmasını sağlayan bir projedir.
Fabrika ve atölyeler için yazılım-donanım desteği ile E..."
"1643584637-1259","https://dashboard.startupborsa.com/girisimler?&page=4","Cha Paper","Geri Dönüşüm","Cha Paper; ülkede toplumsal etkiye sahip ekonomik bir soruna sürdürülebilir ve eko-bilinçli bir çözüm oluşturmak için, yine ülkede yüksek miktarlarda bulunan atı..."
"1643584596-1201","https://dashboard.startupborsa.com/girisimler?&page=9","PeerBie","Telekomünikasyon","Semih SEÇER tarafından Mayıs 2018’de San Francisco Silikon Vadisinde, uluslararası patentleri alınarak kurulan PeerBie, ağ ve rol odaklı bir çözüm platformudur. ..."
"1643584563-1118","https://dashboard.startupborsa.com/girisimler?&page=13","Octo Networks","Topluluk Yönetimi","Octo topluluğunuzu çok daha etkin yönetmek için tasarlanmış dijital bir
platformdur. Yeni nesil teknolojilerin verdiği imkanları kullanarak yapay zeka
destekli i..."
"1643584522-1035","https://dashboard.startupborsa.com/girisimler?&page=18","Dosty","Bilişim Teknolojileri","Girişimimiz pet sektöründeki tüm eksiklikleri tespit edip bir mobil uygulama üzerinden yeni çağın teknolojisi ile evcil hayvan dostlarımızı ve sahiplerinin tüm i..."
"1643584662-1314","https://dashboard.startupborsa.com/girisimler?&page=1","Kraker Studio","Oyun","Kraker Studio, tecrübeli, yetenekli ve tutkulu kuruculardan oluşan, sanatsal duruş, özgünlük ve kaliteden ödün vermeden tamamen karlılığı, dataları ve ihracatı ö..."
"1643584547-1085","https://dashboard.startupborsa.com/girisimler?&page=15","arabamiyika.com","Tüketici Hizmetleri","Aracını yıkatmak isteyen araç sahipleri ve oto yıkamacıları randevu sistemi ile bir araya getiren, hizmet standardı taahhüt eden bu platform ile oto yıkama hizme..."
"1643584604-1209","https://dashboard.startupborsa.com/girisimler?&page=8","Gen Drones","Tarım & Tarım Teknolojileri","Başta tarım olmak üzere çeşitli sektörlerdeki verimi artıran drone teknolojileri geliştiriyoruz."
"1643584588-1177","https://dashboard.startupborsa.com/girisimler?&page=10","Tedarikçinim Bilişim Hizmetleri","e-ticaret","Üretici ve tedarikçi firmaların ürün/hizmet arayışlarında zaman ve maliyet kayıplarını ortadan kaldırmayı amaçlarken firmaların portföy ağlarını geliştirerek tic..."
"1643584530-1042","https://dashboard.startupborsa.com/girisimler?&page=17","TRDEFI","Blokzinciri","TRDEFI is the leading DEFI all-in-one solution in Turkey recently. The platform serves as crypto-backed lending & borrowing - crypto staking - NFT collections & ..."
"1643584547-1081","https://dashboard.startupborsa.com/girisimler?&page=15","FAZLA GIDA","Teknoloji","Fazla Gıda partnerlerinin gıda atığı kaynaklı karbon salınımı %50 oranında azaltmayı amaçlayan bir teknoloji şirketidir. Gıda Kazanım Hiyerarşisine paralel biçim..."
"1643584645-1274","https://dashboard.startupborsa.com/girisimler?&page=3","Bookgether","Yazılım","Bookgether kullanıcılarımızın profillerini oluşturabildiği, profillerine okuduklarını ve okumayı planladıkları kitapları ekleyebildiğin, profillerini tamamladıkt..."
"1643584613-1234","https://dashboard.startupborsa.com/girisimler?&page=7","Biente Yazilim Bilisim Teknolojileri Ticaret LTD. ŞTİ.","e-ticaret","Yolculuğumuz, müşterimizin işini kolaylaştırmak için bir arkadaş eli uzatmak için başladı ve devam ediyor. İşini internete taşımak isteyenlere toplu bir çözüm, y..."
"1643584522-1036","https://dashboard.startupborsa.com/girisimler?&page=18","Integrads","SaaS","Integrads.com is a no-code software platform that automates marketing data consolidation, maps with user behavior data and segment users for a lower cost and per..."
"1643584547-1076","https://dashboard.startupborsa.com/girisimler?&page=15","inSuppliers","Bilişim Teknolojileri","inSuppliers, inşaat sektöründe işveren ve iş yapan firmaların kendilerine uygun iş ortaklıklarını bulmalarını ve networking imkanı sağlayan bir sektör girişimidi..."
"1643584530-1051","https://dashboard.startupborsa.com/girisimler?&page=17","Nereden Aldım","Sosyal Medya","İnternetten aldığın ürünlerin fotoğraf ya da videosunu çek. Ürün hakkındaki düşüncelerini, alışveriş deneyimlerini yaz. Mesela ürün resimdeki gibi mi? Hızlı bir ..."
"1643584613-1225","https://dashboard.startupborsa.com/girisimler?&page=7","Poyi","Reklam & Pazarlama","Poyi Teknoloji A.Ş; Yıldız Kuluçka' da reklam teknolojileri, ödeme sistemleri ve  blockchain teknolojileri alanında mobil uygulama geliştirir.

Mikro influencerl..."
"1643584555-1102","https://dashboard.startupborsa.com/girisimler?&page=14","Kolayyika.com","Kurumsal Hizmetler","Kolayyika.com 2019 Temmuz ayında şirket olarak faaliyete geçti. 2020 Ocak ayında 8 bayimiz ile canlıya aldık 2020 Temmuz Ayında 35 Bayiye Ulaştık 2020 Ağustos Ay..."
"1643584547-1084","https://dashboard.startupborsa.com/girisimler?&page=15","AUTONOM TEKNOLOJI YAZILIM SANAYI VE TIC. LTD. ŞTİ.","Yazılım","Geçmişten getirdiğimiz 30 yılı aşkın girişimci tecrübesiyle, Türkiye’de otomotiv elektroniği üreticileri için otomotiv yazılım ürünleri üretmek ve bu alanda öncü..."
"1643584580-1157","https://dashboard.startupborsa.com/girisimler?&page=11","Hetes","Teslimat & Lojistik","Hetes, kendi algoritma sistemi ve yazılım altyapısı ile birlikte Hetes, perakende tarafında e-ticaret alışverişlerinde tüketicilerin almak istediği ürünleri en y..."
"1643584522-1028","https://dashboard.startupborsa.com/girisimler?&page=18","Toptan App","e-ticaret","Toptan App Nedir?
Toptan App, Toptan Mağazaları gezerek zaman harcamak istemeyen kişilere, toptan mağazaları bir tık uzağında ulaşma imkanı sunuyor.

Müşterinin ..."
"1643584497-1002","https://dashboard.startupborsa.com/girisimler?&page=21","Girişimci Parkı","Sosyal Girişimcilik","Nasıl çalışıyoruz?
Fikir aşamasında olan girişimlerle ürünlerini nasıl geliştirebileceklerini konuşuyor ve iş modellerini oluşturuyoruz. Ürünü en baştan ele alıp..."
"1643584604-1218","https://dashboard.startupborsa.com/girisimler?&page=8","Emlaksat Gayrimenkul Teknolojileri A.Ş","Gayrimenkul","Standardize Premium Hizmet ve Sabit Ekonomik Fiyat
- Akıllı kilit entegrasyonu ile kolay ve güvenli kapı açma
- Evin temizlenmesi, girişine otomatik galoş giyme ..."
"1643584563-1127","https://dashboard.startupborsa.com/girisimler?&page=13","Botgate AI","SaaS","Botgate, şirketlerin online satınalma süreçlerindeki pürüzleri ortadan kaldırmak için kurulmuş B2B SaaS girişimidir. 

Conversational Marketing ile şirketlerin o..."
"1643584637-1264","https://dashboard.startupborsa.com/girisimler?&page=4","gamerpazar","e-ticaret","Sizce oyuncular olarak hangi ikinci el alışveriş platformlarını kullanıyoruz?

Letgo? Sahibinden? Bu platformlarda binlerce oyuncu ekipmanı olsa da hiç biri deği..."
"1643584555-1109","https://dashboard.startupborsa.com/girisimler?&page=14","Woofy Application","Yazılım","Minik dostlarımızın ve sahiplerinin günlük yaşantıdaki sorunlarına doğrudan çözümler üretmeyi amaçlayan Woofy, ""Sevimli dostuna dair her şey"" sloganıyla ve vizyo..."
"1643584621-1249","https://dashboard.startupborsa.com/girisimler?&page=6","Flavus.com","e-ticaret","Flavus, sadece güzelliğe adanmış yepyeni online bir platform.
Flavuscom, makyajdan cilt bakımına, estetikten K-Beauty’ye güzellik ve bakım hakkında ipuçları vere..."
"1643584547-1080","https://dashboard.startupborsa.com/girisimler?&page=15","Cybeerly LTD","Teknoloji","Cybeerly offers a variety of video modes and tools for online lessons."
"1643584497-998","https://dashboard.startupborsa.com/girisimler?&page=21","Hergele Mobility","Mikro Mobilite","Hergele olarak yeni nesil ulaşım araçlarını tasarlıyor, geliştiriyor ve üretiyoruz. Paylaşımlı bir mobilite filosu kurmak için gereken donanım, yazılım, entegras..."
"1643584580-1158","https://dashboard.startupborsa.com/girisimler?&page=11","mdPara","Finans & Bankacılık","mdPara, işletmelerin tüm banka hesap bakiyelerini ve hesap hareketlerini tek platformdan görüntülemesini sağlar. SAP, Oracle ve Logo ile entegre çalışarak hesap ..."
"1643584621-1253","https://dashboard.startupborsa.com/girisimler?&page=6","Perwatch","Yazılım","Perwatch, takip verilerini gelişmiş analiz modülleri ile değerlendirmeye alır. Size sadece personellerin yıllara uzanan performans analizini sunmakla kalmaz, şir..."
"1643584645-1278","https://dashboard.startupborsa.com/girisimler?&page=3","SendGB OÜ","SaaS","SendGB, 5 GB'a kadar üye olmadan ücretsiz dosya transferi hizmeti sağlar.
5 GB üstü dosya transferine ihtiyaç duyan kullanıları için üye olmadan 20 GB'a kadar do..."
"1643584538-1073","https://dashboard.startupborsa.com/girisimler?&page=16","Augelab R&D Tech. Inc.","AI / Yapay Zeka","-"
"1643584580-1154","https://dashboard.startupborsa.com/girisimler?&page=11","Kibele","Tarım & Tarım Teknolojileri","Tarım sektöründeki paydaşların araç ve ekipmanlarını kiralayabileceği paylaşım ekonomisi uygulaması."
"1643584563-1129","https://dashboard.startupborsa.com/girisimler?&page=13","Kr Bilişim Teknolojileri A.Ş","Finans Teknolojileri","Hamilinden.com, bireylerin ve işletmelerin aynı anda finans kurumlarından faturalı çek, vadeli fatura, ihracat finansmanı ve bireysel ve kobi krediler için tekli..."
"1643584497-999","https://dashboard.startupborsa.com/girisimler?&page=21","Rakun","Eğitim & Eğitim Teknolojileri","Rakun eğitmen ve öğrencileri buluşturan bir mobil platformdur. Rakun'da özel ders, kurs ve eğitim vermek isteyen eğitmenler güçlü ilanlar oluşturarak online ve y..."
"1643584596-1198","https://dashboard.startupborsa.com/girisimler?&page=9","E-VEND","Nesnelerin İnterneti","E-vend Otomat Yönetim Sistemleri A.Ş. Dünyada ile ülkemizde gelişen nesnelerin internetinin oldukça popüler olduğu günümüzde otomatları daha da aktifleştirmek am..."
"1643584621-1254","https://dashboard.startupborsa.com/girisimler?&page=6","Cognitiwe","AI / Yapay Zeka","Cognitiwe platformu ile içerikleri yapay zeka ile işleyerek kullanılabilir verilere çeviren bir teknoloji şirketidir.
Cognitiwe platformu videolarını yapay zeka ..."
"1643584654-1292","https://dashboard.startupborsa.com/girisimler?&page=2","Mixoper","AI / Yapay Zeka","Video ve fotoğraf ile son kullanıcı ürünündeki problemi belirtiyor,Mixoper alt yapısı bu problemleri öğreniyor,marka bağımsız son kullanıcıyı çözüme ulaştırıyor...."
"1643584588-1179","https://dashboard.startupborsa.com/girisimler?&page=10","Kahvegibikahve","Yiyecek & İçecek","Her yerde kolayca kaliteli kahve demlenmesine imkan sağlıyoruz. Fiber Filtrelerimiz ve kaliteli çekirdeklerimiz sayesinde ekipmana ihtiyaç duymadan filtre kahve ..."
"1643584613-1223","https://dashboard.startupborsa.com/girisimler?&page=7","Arvia","SaaS","İşinizi Büyütün!
Her zaman, her yerden!
Görüntülü Görüşme ve Mesajlaşma AltyapısıKolay & Hızlı

Hızlı ve Kolay Entegrasyon
API ve SDK, Sadece 4 Satır Kod
Kulland..."
"1643584604-1212","https://dashboard.startupborsa.com/girisimler?&page=8","ConectoHub","Bilişim Teknolojileri","ConectoHub şirket hedeflerini ve hedefe ulaşmak için yapılan işleri tek uygulamada birleştiren iş ve performans yönetim platformudur"
"1643584645-1291","https://dashboard.startupborsa.com/girisimler?&page=3","Yariyo","Sosyal Girişimcilik","Yariyo | Ücretsiz Paylaş | Takas Yap | Sahiplen

Geri dönüşümün ve ikinci el kullanımların arttığı, gelir eşitsizliği makasının açıldığı dünya düzeninde elden el..."
